date_dt,date,dia_semana,faturamento_diario
2020-01-01,2020-01-01,Quarta-feira,420574.61
2020-01-02,2020-01-02,Quinta-feira,284813.1
2020-01-03,2020-01-03,Sexta-feira,192399.41
2020-01-04,2020-01-04,Sábado,160525.49
2020-01-05,2020-01-05,Domingo,222574.28
2020-01-06,2020-01-06,Segunda-feira,330941.77
2020-01-07,2020-01-07,Terça-feira,167922.81
2020-01-08,2020-01-08,Quarta-feira,326493.75
2020-01-09,2020-01-09,Quinta-feira,186837.1
2020-01-10,2020-01-10,Sexta-feira,141282.07
2020-01-11,2020-01-11,Sábado,162032.88
2020-01-12,2020-01-12,Domingo,105482.08
2020-01-13,2020-01-13,Segunda-feira,213530.26
2020-01-14,2020-01-14,Terça-feira,106575.0
2020-01-15,2020-01-15,Quarta-feira,144720.65
2020-01-16,2020-01-16,Quinta-feira,152143.97
2020-01-17,2020-01-17,Sexta-feira,221281.69
2020-01-18,2020-01-18,Sábado,131705.93
2020-01-19,2020-01-19,Domingo,113772.01999999999
2020-01-20,2020-01-20,Segunda-feira,289487.52
2020-01-21,2020-01-21,Terça-feira,149995.54
2020-01-22,2020-01-22,Quarta-feira,169164.86
2020-01-23,2020-01-23,Quinta-feira,23933.78
2020-01-24,2020-01-24,Sexta-feira,136104.47
2020-01-25,2020-01-25,Sábado,67873.29
2020-01-26,2020-01-26,Domingo,43438.04
2020-01-27,2020-01-27,Segunda-feira,371670.91
2020-01-28,2020-01-28,Terça-feira,90612.52
2020-01-29,2020-01-29,Quarta-feira,220460.35
2020-01-30,2020-01-30,Quinta-feira,143943.35
2020-01-31,2020-01-31,Sexta-feira,201466.51
2020-02-01,2020-02-01,Sábado,35924.94
2020-02-02,2020-02-02,Domingo,167690.97
2020-02-03,2020-02-03,Segunda-feira,51629.17
2020-02-04,2020-02-04,Terça-feira,130984.62
2020-02-05,2020-02-05,Quarta-feira,170123.34
2020-02-06,2020-02-06,Quinta-feira,139439.98
2020-02-07,2020-02-07,Sexta-feira,144228.53999999998
2020-02-08,2020-02-08,Sábado,121271.58
2020-02-09,2020-02-09,Domingo,74414.56
2020-02-10,2020-02-10,Segunda-feira,180567.79
2020-02-11,2020-02-11,Terça-feira,78253.42
2020-02-12,2020-02-12,Quarta-feira,221860.41999999998
2020-02-13,2020-02-13,Quinta-feira,164953.97
2020-02-14,2020-02-14,Sexta-feira,282172.22
2020-02-15,2020-02-15,Sábado,132541.85
2020-02-16,2020-02-16,Domingo,247725.77000000002
2020-02-17,2020-02-17,Segunda-feira,93863.16
2020-02-18,2020-02-18,Terça-feira,154600.89
2020-02-19,2020-02-19,Quarta-feira,238344.18999999997
2020-02-20,2020-02-20,Quinta-feira,0.0
2020-02-21,2020-02-21,Sexta-feira,237015.47
2020-02-22,2020-02-22,Sábado,201768.61
2020-02-23,2020-02-23,Domingo,52538.869999999995
2020-02-24,2020-02-24,Segunda-feira,68519.81
2020-02-25,2020-02-25,Terça-feira,126502.03
2020-02-26,2020-02-26,Quarta-feira,305418.81
2020-02-27,2020-02-27,Quinta-feira,300106.23
2020-02-28,2020-02-28,Sexta-feira,116407.66
2020-02-29,2020-02-29,Sábado,96634.45999999999
2020-03-01,2020-03-01,Domingo,67890.66
2020-03-02,2020-03-02,Segunda-feira,6184.45
2020-03-03,2020-03-03,Terça-feira,117410.92
2020-03-04,2020-03-04,Quarta-feira,180604.9
2020-03-05,2020-03-05,Quinta-feira,69510.05
2020-03-06,2020-03-06,Sexta-feira,147602.37
2020-03-07,2020-03-07,Sábado,274246.62
2020-03-08,2020-03-08,Domingo,47152.43
2020-03-09,2020-03-09,Segunda-feira,171318.64
2020-03-10,2020-03-10,Terça-feira,123010.94
2020-03-11,2020-03-11,Quarta-feira,278670.7
2020-03-12,2020-03-12,Quinta-feira,88438.76000000001
2020-03-13,2020-03-13,Sexta-feira,129538.73000000001
2020-03-14,2020-03-14,Sábado,181481.04
2020-03-15,2020-03-15,Domingo,209684.38999999998
2020-03-16,2020-03-16,Segunda-feira,60247.600000000006
2020-03-17,2020-03-17,Terça-feira,140729.98
2020-03-18,2020-03-18,Quarta-feira,71656.33
2020-03-19,2020-03-19,Quinta-feira,111550.39
2020-03-20,2020-03-20,Sexta-feira,0.0
2020-03-21,2020-03-21,Sábado,79353.34
2020-03-22,2020-03-22,Domingo,41327.15
2020-03-23,2020-03-23,Segunda-feira,133339.51
2020-03-24,2020-03-24,Terça-feira,158876.57
2020-03-25,2020-03-25,Quarta-feira,136630.44
2020-03-26,2020-03-26,Quinta-feira,234816.25
2020-03-27,2020-03-27,Sexta-feira,80191.91
2020-03-28,2020-03-28,Sábado,223491.24
2020-03-29,2020-03-29,Domingo,43859.04000000001
2020-03-30,2020-03-30,Segunda-feira,55545.4
2020-03-31,2020-03-31,Terça-feira,170033.35
2020-04-01,2020-04-01,Quarta-feira,26416.55
2020-04-02,2020-04-02,Quinta-feira,162933.47999999998
2020-04-03,2020-04-03,Sexta-feira,59466.27
2020-04-04,2020-04-04,Sábado,160980.37
2020-04-05,2020-04-05,Domingo,53468.58
2020-04-06,2020-04-06,Segunda-feira,98961.65
2020-04-07,2020-04-07,Terça-feira,123200.32
2020-04-08,2020-04-08,Quarta-feira,100777.51
2020-04-09,2020-04-09,Quinta-feira,133439.23
2020-04-10,2020-04-10,Sexta-feira,74702.12
2020-04-11,2020-04-11,Sábado,151261.52
2020-04-12,2020-04-12,Domingo,9239.04
2020-04-13,2020-04-13,Segunda-feira,111664.1
2020-04-14,2020-04-14,Terça-feira,309651.32
2020-04-15,2020-04-15,Quarta-feira,304155.67
2020-04-16,2020-04-16,Quinta-feira,35686.33
2020-04-17,2020-04-17,Sexta-feira,221644.92
2020-04-18,2020-04-18,Sábado,74936.9
2020-04-19,2020-04-19,Domingo,39830.72
2020-04-20,2020-04-20,Segunda-feira,42643.9
2020-04-21,2020-04-21,Terça-feira,85807.77
2020-04-22,2020-04-22,Quarta-feira,212049.14
2020-04-23,2020-04-23,Quinta-feira,99928.69
2020-04-24,2020-04-24,Sexta-feira,19367.02
2020-04-25,2020-04-25,Sábado,172414.27000000002
2020-04-26,2020-04-26,Domingo,166396.18
2020-04-27,2020-04-27,Segunda-feira,164320.88
2020-04-28,2020-04-28,Terça-feira,178670.62
2020-04-29,2020-04-29,Quarta-feira,110863.45999999999
2020-04-30,2020-04-30,Quinta-feira,11709.14
2020-05-01,2020-05-01,Sexta-feira,58470.97
2020-05-02,2020-05-02,Sábado,98257.22
2020-05-03,2020-05-03,Domingo,0.0
2020-05-04,2020-05-04,Segunda-feira,8572.64
2020-05-05,2020-05-05,Terça-feira,60944.73
2020-05-06,2020-05-06,Quarta-feira,102828.31
2020-05-07,2020-05-07,Quinta-feira,41715.020000000004
2020-05-08,2020-05-08,Sexta-feira,17865.64
2020-05-09,2020-05-09,Sábado,26875.03
2020-05-10,2020-05-10,Domingo,147831.52
2020-05-11,2020-05-11,Segunda-feira,145330.48
2020-05-12,2020-05-12,Terça-feira,63892.61
2020-05-13,2020-05-13,Quarta-feira,28697.52
2020-05-14,2020-05-14,Quinta-feira,83866.66
2020-05-15,2020-05-15,Sexta-feira,73203.54000000001
2020-05-16,2020-05-16,Sábado,15537.97
2020-05-17,2020-05-17,Domingo,85929.89
2020-05-18,2020-05-18,Segunda-feira,34158.35
2020-05-19,2020-05-19,Terça-feira,91368.76000000001
2020-05-20,2020-05-20,Quarta-feira,121789.28
2020-05-21,2020-05-21,Quinta-feira,154352.08
2020-05-22,2020-05-22,Sexta-feira,91818.85
2020-05-23,2020-05-23,Sábado,0.0
2020-05-24,2020-05-24,Domingo,77739.95999999999
2020-05-25,2020-05-25,Segunda-feira,162080.33000000002
2020-05-26,2020-05-26,Terça-feira,111346.45
2020-05-27,2020-05-27,Quarta-feira,0.0
2020-05-28,2020-05-28,Quinta-feira,35605.18
2020-05-29,2020-05-29,Sexta-feira,14217.3
2020-05-30,2020-05-30,Sábado,105659.42
2020-05-31,2020-05-31,Domingo,101269.45000000001
2020-06-01,2020-06-01,Segunda-feira,47518.299999999996
2020-06-02,2020-06-02,Terça-feira,70009.57
2020-06-03,2020-06-03,Quarta-feira,11002.21
2020-06-04,2020-06-04,Quinta-feira,101616.68
2020-06-05,2020-06-05,Sexta-feira,37533.47
2020-06-06,2020-06-06,Sábado,172589.28
2020-06-07,2020-06-07,Domingo,13526.83
2020-06-08,2020-06-08,Segunda-feira,0.0
2020-06-09,2020-06-09,Terça-feira,40981.85
2020-06-10,2020-06-10,Quarta-feira,30724.23
2020-06-11,2020-06-11,Quinta-feira,0.0
2020-06-12,2020-06-12,Sexta-feira,26705.48
2020-06-13,2020-06-13,Sábado,36793.39
2020-06-14,2020-06-14,Domingo,99483.45999999999
2020-06-15,2020-06-15,Segunda-feira,32174.51
2020-06-16,2020-06-16,Terça-feira,6116.68
2020-06-17,2020-06-17,Quarta-feira,3251.34
2020-06-18,2020-06-18,Quinta-feira,0.0
2020-06-19,2020-06-19,Sexta-feira,22546.8
2020-06-20,2020-06-20,Sábado,44538.58
2020-06-21,2020-06-21,Domingo,7840.030000000001
2020-06-22,2020-06-22,Segunda-feira,64606.2
2020-06-23,2020-06-23,Terça-feira,40928.43
2020-06-24,2020-06-24,Quarta-feira,0.0
2020-06-25,2020-06-25,Quinta-feira,0.0
2020-06-26,2020-06-26,Sexta-feira,177873.76
2020-06-27,2020-06-27,Sábado,57135.89
2020-06-28,2020-06-28,Domingo,63259.9
2020-06-29,2020-06-29,Segunda-feira,130285.21
2020-06-30,2020-06-30,Terça-feira,55318.04
2020-07-01,2020-07-01,Quarta-feira,80779.19
2020-07-02,2020-07-02,Quinta-feira,38691.14
2020-07-03,2020-07-03,Sexta-feira,0.0
2020-07-04,2020-07-04,Sábado,0.0
2020-07-05,2020-07-05,Domingo,99305.58
2020-07-06,2020-07-06,Segunda-feira,61366.369999999995
2020-07-07,2020-07-07,Terça-feira,14401.04
2020-07-08,2020-07-08,Quarta-feira,149923.41999999998
2020-07-09,2020-07-09,Quinta-feira,0.0
2020-07-10,2020-07-10,Sexta-feira,100452.04999999999
2020-07-11,2020-07-11,Sábado,42852.18
2020-07-12,2020-07-12,Domingo,19448.1
2020-07-13,2020-07-13,Segunda-feira,25265.59
2020-07-14,2020-07-14,Terça-feira,37278.759999999995
2020-07-15,2020-07-15,Quarta-feira,21089.85
2020-07-16,2020-07-16,Quinta-feira,0.0
2020-07-17,2020-07-17,Sexta-feira,0.0
2020-07-18,2020-07-18,Sábado,23219.64
2020-07-19,2020-07-19,Domingo,106846.76
2020-07-20,2020-07-20,Segunda-feira,59983.78
2020-07-21,2020-07-21,Terça-feira,47378.26
2020-07-22,2020-07-22,Quarta-feira,69568.69
2020-07-23,2020-07-23,Quinta-feira,0.0
2020-07-24,2020-07-24,Sexta-feira,830.83
2020-07-25,2020-07-25,Sábado,131495.99
2020-07-26,2020-07-26,Domingo,30243.61
2020-07-27,2020-07-27,Segunda-feira,35766.44
2020-07-28,2020-07-28,Terça-feira,0.0
2020-07-29,2020-07-29,Quarta-feira,0.0
2020-07-30,2020-07-30,Quinta-feira,33629.06
2020-07-31,2020-07-31,Sexta-feira,0.0
2020-08-01,2020-08-01,Sábado,15857.61
2020-08-02,2020-08-02,Domingo,90097.33
2020-08-03,2020-08-03,Segunda-feira,71420.36
2020-08-04,2020-08-04,Terça-feira,0.0
2020-08-05,2020-08-05,Quarta-feira,134335.66999999998
2020-08-06,2020-08-06,Quinta-feira,102802.34999999999
2020-08-07,2020-08-07,Sexta-feira,129123.67000000001
2020-08-08,2020-08-08,Sábado,171269.0
2020-08-09,2020-08-09,Domingo,69278.0
2020-08-10,2020-08-10,Segunda-feira,21249.81
2020-08-11,2020-08-11,Terça-feira,68259.64
2020-08-12,2020-08-12,Quarta-feira,23392.8
2020-08-13,2020-08-13,Quinta-feira,70192.95999999999
2020-08-14,2020-08-14,Sexta-feira,28215.15
2020-08-15,2020-08-15,Sábado,52220.83
2020-08-16,2020-08-16,Domingo,111588.79
2020-08-17,2020-08-17,Segunda-feira,83423.91
2020-08-18,2020-08-18,Terça-feira,1034.23
2020-08-19,2020-08-19,Quarta-feira,92963.88
2020-08-20,2020-08-20,Quinta-feira,45554.3
2020-08-21,2020-08-21,Sexta-feira,132368.56
2020-08-22,2020-08-22,Sábado,94844.64
2020-08-23,2020-08-23,Domingo,0.0
2020-08-24,2020-08-24,Segunda-feira,31579.609999999997
2020-08-25,2020-08-25,Terça-feira,62658.200000000004
2020-08-26,2020-08-26,Quarta-feira,0.0
2020-08-27,2020-08-27,Quinta-feira,0.0
2020-08-28,2020-08-28,Sexta-feira,56073.74
2020-08-29,2020-08-29,Sábado,79372.74
2020-08-30,2020-08-30,Domingo,90927.42000000001
2020-08-31,2020-08-31,Segunda-feira,2055.27
2020-09-01,2020-09-01,Terça-feira,73307.19
2020-09-02,2020-09-02,Quarta-feira,58784.8
2020-09-03,2020-09-03,Quinta-feira,36780.56
2020-09-04,2020-09-04,Sexta-feira,92122.82
2020-09-05,2020-09-05,Sábado,13674.96
2020-09-06,2020-09-06,Domingo,40976.73
2020-09-07,2020-09-07,Segunda-feira,17280.24
2020-09-08,2020-09-08,Terça-feira,114012.4
2020-09-09,2020-09-09,Quarta-feira,105008.2
2020-09-10,2020-09-10,Quinta-feira,70450.59
2020-09-11,2020-09-11,Sexta-feira,85767.89
2020-09-12,2020-09-12,Sábado,125424.48
2020-09-13,2020-09-13,Domingo,69278.72
2020-09-14,2020-09-14,Segunda-feira,3865.25
2020-09-15,2020-09-15,Terça-feira,2190.91
2020-09-16,2020-09-16,Quarta-feira,18737.84
2020-09-17,2020-09-17,Quinta-feira,93760.37
2020-09-18,2020-09-18,Sexta-feira,29793.46
2020-09-19,2020-09-19,Sábado,77608.33
2020-09-20,2020-09-20,Domingo,0.0
2020-09-21,2020-09-21,Segunda-feira,41752.99
2020-09-22,2020-09-22,Terça-feira,82440.61
2020-09-23,2020-09-23,Quarta-feira,93660.98
2020-09-24,2020-09-24,Quinta-feira,82527.09
2020-09-25,2020-09-25,Sexta-feira,78253.76
2020-09-26,2020-09-26,Sábado,25784.8
2020-09-27,2020-09-27,Domingo,62230.01
2020-09-28,2020-09-28,Segunda-feira,0.0
2020-09-29,2020-09-29,Terça-feira,108878.54000000001
2020-09-30,2020-09-30,Quarta-feira,61141.700000000004
2020-10-01,2020-10-01,Quinta-feira,148940.95
2020-10-02,2020-10-02,Sexta-feira,161996.58
2020-10-03,2020-10-03,Sábado,119239.53
2020-10-04,2020-10-04,Domingo,82649.54
2020-10-05,2020-10-05,Segunda-feira,290115.85
2020-10-06,2020-10-06,Terça-feira,197546.31
2020-10-07,2020-10-07,Quarta-feira,134004.34
2020-10-08,2020-10-08,Quinta-feira,58828.43000000001
2020-10-09,2020-10-09,Sexta-feira,128491.18000000001
2020-10-10,2020-10-10,Sábado,69178.09
2020-10-11,2020-10-11,Domingo,208184.48
2020-10-12,2020-10-12,Segunda-feira,117079.83
2020-10-13,2020-10-13,Terça-feira,285640.82
2020-10-14,2020-10-14,Quarta-feira,89802.14
2020-10-15,2020-10-15,Quinta-feira,92410.89
2020-10-16,2020-10-16,Sexta-feira,171862.93
2020-10-17,2020-10-17,Sábado,107422.93
2020-10-18,2020-10-18,Domingo,224006.25
2020-10-19,2020-10-19,Segunda-feira,128749.29000000001
2020-10-20,2020-10-20,Terça-feira,72506.98000000001
2020-10-21,2020-10-21,Quarta-feira,162095.16
2020-10-22,2020-10-22,Quinta-feira,11607.789999999999
2020-10-23,2020-10-23,Sexta-feira,39361.25
2020-10-24,2020-10-24,Sábado,171540.59
2020-10-25,2020-10-25,Domingo,75053.2
2020-10-26,2020-10-26,Segunda-feira,37433.13
2020-10-27,2020-10-27,Terça-feira,140268.2
2020-10-28,2020-10-28,Quarta-feira,191588.88
2020-10-29,2020-10-29,Quinta-feira,79630.19
2020-10-30,2020-10-30,Sexta-feira,42509.06
2020-10-31,2020-10-31,Sábado,70335.85
2020-11-01,2020-11-01,Domingo,39127.57
2020-11-02,2020-11-02,Segunda-feira,140621.55
2020-11-03,2020-11-03,Terça-feira,312973.47000000003
2020-11-04,2020-11-04,Quarta-feira,141754.75
2020-11-05,2020-11-05,Quinta-feira,81598.5
2020-11-06,2020-11-06,Sexta-feira,216350.24
2020-11-07,2020-11-07,Sábado,94754.43000000001
2020-11-08,2020-11-08,Domingo,149280.64
2020-11-09,2020-11-09,Segunda-feira,84726.48
2020-11-10,2020-11-10,Terça-feira,61744.7
2020-11-11,2020-11-11,Quarta-feira,144102.59
2020-11-12,2020-11-12,Quinta-feira,62562.02
2020-11-13,2020-11-13,Sexta-feira,276496.42
2020-11-14,2020-11-14,Sábado,97657.74
2020-11-15,2020-11-15,Domingo,150010.96
2020-11-16,2020-11-16,Segunda-feira,198232.99
2020-11-17,2020-11-17,Terça-feira,40459.29
2020-11-18,2020-11-18,Quarta-feira,137473.18
2020-11-19,2020-11-19,Quinta-feira,251447.43
2020-11-20,2020-11-20,Sexta-feira,26973.62
2020-11-21,2020-11-21,Sábado,214204.94
2020-11-22,2020-11-22,Domingo,67397.29
2020-11-23,2020-11-23,Segunda-feira,185363.58000000002
2020-11-24,2020-11-24,Terça-feira,178510.26
2020-11-25,2020-11-25,Quarta-feira,209568.84
2020-11-26,2020-11-26,Quinta-feira,167034.53
2020-11-27,2020-11-27,Sexta-feira,147104.8
2020-11-28,2020-11-28,Sábado,73404.03
2020-11-29,2020-11-29,Domingo,164784.79
2020-11-30,2020-11-30,Segunda-feira,252416.2
2020-12-01,2020-12-01,Terça-feira,210513.29
2020-12-02,2020-12-02,Quarta-feira,109645.66
2020-12-03,2020-12-03,Quinta-feira,187203.49
2020-12-04,2020-12-04,Sexta-feira,209551.32
2020-12-05,2020-12-05,Sábado,118302.45000000001
2020-12-06,2020-12-06,Domingo,252006.29
2020-12-07,2020-12-07,Segunda-feira,125766.87
2020-12-08,2020-12-08,Terça-feira,95756.85
2020-12-09,2020-12-09,Quarta-feira,101077.17
2020-12-10,2020-12-10,Quinta-feira,109777.94
2020-12-11,2020-12-11,Sexta-feira,69149.92
2020-12-12,2020-12-12,Sábado,361562.62
2020-12-13,2020-12-13,Domingo,239799.28000000003
2020-12-14,2020-12-14,Segunda-feira,237046.15
2020-12-15,2020-12-15,Terça-feira,202542.58
2020-12-16,2020-12-16,Quarta-feira,240747.91
2020-12-17,2020-12-17,Quinta-feira,363604.9
2020-12-18,2020-12-18,Sexta-feira,137589.23
2020-12-19,2020-12-19,Sábado,234032.3
2020-12-20,2020-12-20,Domingo,155874.05
2020-12-21,2020-12-21,Segunda-feira,106477.6
2020-12-22,2020-12-22,Terça-feira,128416.90000000001
2020-12-23,2020-12-23,Quarta-feira,203736.15
2020-12-24,2020-12-24,Quinta-feira,41292.340000000004
2020-12-25,2020-12-25,Sexta-feira,185011.13
2020-12-26,2020-12-26,Sábado,160065.07
2020-12-27,2020-12-27,Domingo,154216.03
2020-12-28,2020-12-28,Segunda-feira,221559.64
2020-12-29,2020-12-29,Terça-feira,272017.84
2020-12-30,2020-12-30,Quarta-feira,201576.31
2020-12-31,2020-12-31,Quinta-feira,135541.84
2021-01-01,2021-01-01,Sexta-feira,230691.41
2021-01-02,2021-01-02,Sábado,391300.03
2021-01-03,2021-01-03,Domingo,58922.25
2021-01-04,2021-01-04,Segunda-feira,203047.71
2021-01-05,2021-01-05,Terça-feira,339613.14
2021-01-06,2021-01-06,Quarta-feira,194283.63999999998
2021-01-07,2021-01-07,Quinta-feira,64726.0
2021-01-08,2021-01-08,Sexta-feira,216871.76
2021-01-09,2021-01-09,Sábado,117446.94
2021-01-10,2021-01-10,Domingo,397819.39
2021-01-11,2021-01-11,Segunda-feira,139512.18
2021-01-12,2021-01-12,Terça-feira,216817.47
2021-01-13,2021-01-13,Quarta-feira,324277.46
2021-01-14,2021-01-14,Quinta-feira,576114.08
2021-01-15,2021-01-15,Sexta-feira,194033.68
2021-01-16,2021-01-16,Sábado,271709.83
2021-01-17,2021-01-17,Domingo,91681.04000000001
2021-01-18,2021-01-18,Segunda-feira,149363.79
2021-01-19,2021-01-19,Terça-feira,286746.77
2021-01-20,2021-01-20,Quarta-feira,144927.94
2021-01-21,2021-01-21,Quinta-feira,185253.74
2021-01-22,2021-01-22,Sexta-feira,292379.66
2021-01-23,2021-01-23,Sábado,301645.0
2021-01-24,2021-01-24,Domingo,182766.24
2021-01-25,2021-01-25,Segunda-feira,162592.68
2021-01-26,2021-01-26,Terça-feira,157147.88
2021-01-27,2021-01-27,Quarta-feira,160420.21
2021-01-28,2021-01-28,Quinta-feira,71009.8
2021-01-29,2021-01-29,Sexta-feira,106639.77
2021-01-30,2021-01-30,Sábado,461753.22
2021-01-31,2021-01-31,Domingo,218322.02000000002
2021-02-01,2021-02-01,Segunda-feira,25765.1
2021-02-02,2021-02-02,Terça-feira,213228.04
2021-02-03,2021-02-03,Quarta-feira,248774.31
2021-02-04,2021-02-04,Quinta-feira,224587.35
2021-02-05,2021-02-05,Sexta-feira,152721.67
2021-02-06,2021-02-06,Sábado,123358.79000000001
2021-02-07,2021-02-07,Domingo,165577.25
2021-02-08,2021-02-08,Segunda-feira,171232.12
2021-02-09,2021-02-09,Terça-feira,124017.22
2021-02-10,2021-02-10,Quarta-feira,297694.6
2021-02-11,2021-02-11,Quinta-feira,120353.4
2021-02-12,2021-02-12,Sexta-feira,176496.86
2021-02-13,2021-02-13,Sábado,127215.56
2021-02-14,2021-02-14,Domingo,185067.79
2021-02-15,2021-02-15,Segunda-feira,203769.79000000004
2021-02-16,2021-02-16,Terça-feira,185642.77
2021-02-17,2021-02-17,Quarta-feira,225642.08
2021-02-18,2021-02-18,Quinta-feira,190042.26
2021-02-19,2021-02-19,Sexta-feira,120061.47
2021-02-20,2021-02-20,Sábado,74036.23
2021-02-21,2021-02-21,Domingo,133489.47
2021-02-22,2021-02-22,Segunda-feira,211570.72
2021-02-23,2021-02-23,Terça-feira,110439.01
2021-02-24,2021-02-24,Quarta-feira,213574.5
2021-02-25,2021-02-25,Quinta-feira,206005.48
2021-02-26,2021-02-26,Sexta-feira,84422.97
2021-02-27,2021-02-27,Sábado,259173.5
2021-02-28,2021-02-28,Domingo,243496.94
2021-03-01,2021-03-01,Segunda-feira,177655.86
2021-03-02,2021-03-02,Terça-feira,311722.37
2021-03-03,2021-03-03,Quarta-feira,322948.2
2021-03-04,2021-03-04,Quinta-feira,116338.04999999999
2021-03-05,2021-03-05,Sexta-feira,184651.79
2021-03-06,2021-03-06,Sábado,237164.44
2021-03-07,2021-03-07,Domingo,93335.95
2021-03-08,2021-03-08,Segunda-feira,118625.34
2021-03-09,2021-03-09,Terça-feira,208528.99000000002
2021-03-10,2021-03-10,Quarta-feira,115754.12
2021-03-11,2021-03-11,Quinta-feira,286066.99
2021-03-12,2021-03-12,Sexta-feira,171596.89
2021-03-13,2021-03-13,Sábado,182753.18
2021-03-14,2021-03-14,Domingo,180552.5
2021-03-15,2021-03-15,Segunda-feira,265513.89
2021-03-16,2021-03-16,Terça-feira,183650.04
2021-03-17,2021-03-17,Quarta-feira,185507.35
2021-03-18,2021-03-18,Quinta-feira,96785.3
2021-03-19,2021-03-19,Sexta-feira,367573.24
2021-03-20,2021-03-20,Sábado,241798.9
2021-03-21,2021-03-21,Domingo,81794.39
2021-03-22,2021-03-22,Segunda-feira,321727.96
2021-03-23,2021-03-23,Terça-feira,158997.78
2021-03-24,2021-03-24,Quarta-feira,142949.84999999998
2021-03-25,2021-03-25,Quinta-feira,92107.18
2021-03-26,2021-03-26,Sexta-feira,78988.91
2021-03-27,2021-03-27,Sábado,260050.32
2021-03-28,2021-03-28,Domingo,158319.03
2021-03-29,2021-03-29,Segunda-feira,74831.23999999999
2021-03-30,2021-03-30,Terça-feira,172413.28
2021-03-31,2021-03-31,Quarta-feira,208738.13
2021-04-01,2021-04-01,Quinta-feira,189801.36
2021-04-02,2021-04-02,Sexta-feira,69956.54000000001
2021-04-03,2021-04-03,Sábado,91471.57
2021-04-04,2021-04-04,Domingo,38699.23
2021-04-05,2021-04-05,Segunda-feira,175886.38
2021-04-06,2021-04-06,Terça-feira,86171.82
2021-04-07,2021-04-07,Quarta-feira,63363.21
2021-04-08,2021-04-08,Quinta-feira,204533.87
2021-04-09,2021-04-09,Sexta-feira,97464.1
2021-04-10,2021-04-10,Sábado,94217.48
2021-04-11,2021-04-11,Domingo,312602.52999999997
2021-04-12,2021-04-12,Segunda-feira,69749.76000000001
2021-04-13,2021-04-13,Terça-feira,179681.89
2021-04-14,2021-04-14,Quarta-feira,179112.22
2021-04-15,2021-04-15,Quinta-feira,121448.5
2021-04-16,2021-04-16,Sexta-feira,173667.87
2021-04-17,2021-04-17,Sábado,125331.22
2021-04-18,2021-04-18,Domingo,128785.18
2021-04-19,2021-04-19,Segunda-feira,17495.219999999998
2021-04-20,2021-04-20,Terça-feira,250712.49
2021-04-21,2021-04-21,Quarta-feira,129836.01000000001
2021-04-22,2021-04-22,Quinta-feira,66933.47
2021-04-23,2021-04-23,Sexta-feira,123359.59000000001
2021-04-24,2021-04-24,Sábado,243270.41
2021-04-25,2021-04-25,Domingo,151278.66
2021-04-26,2021-04-26,Segunda-feira,44652.8
2021-04-27,2021-04-27,Terça-feira,184214.89
2021-04-28,2021-04-28,Quarta-feira,278152.53
2021-04-29,2021-04-29,Quinta-feira,150650.52
2021-04-30,2021-04-30,Sexta-feira,207400.62
2021-05-01,2021-05-01,Sábado,50373.9
2021-05-02,2021-05-02,Domingo,75664.76000000001
2021-05-03,2021-05-03,Segunda-feira,109651.75
2021-05-04,2021-05-04,Terça-feira,209469.59
2021-05-05,2021-05-05,Quarta-feira,14110.89
2021-05-06,2021-05-06,Quinta-feira,117395.86
2021-05-07,2021-05-07,Sexta-feira,129091.77
2021-05-08,2021-05-08,Sábado,81831.08
2021-05-09,2021-05-09,Domingo,45583.66
2021-05-10,2021-05-10,Segunda-feira,3442.57
2021-05-11,2021-05-11,Terça-feira,121570.87999999999
2021-05-12,2021-05-12,Quarta-feira,155089.28999999998
2021-05-13,2021-05-13,Quinta-feira,34030.759999999995
2021-05-14,2021-05-14,Sexta-feira,89196.13
2021-05-15,2021-05-15,Sábado,40791.93
2021-05-16,2021-05-16,Domingo,61019.43
2021-05-17,2021-05-17,Segunda-feira,0.0
2021-05-18,2021-05-18,Terça-feira,0.0
2021-05-19,2021-05-19,Quarta-feira,43297.3
2021-05-20,2021-05-20,Quinta-feira,117065.2
2021-05-21,2021-05-21,Sexta-feira,15753.1
2021-05-22,2021-05-22,Sábado,0.0
2021-05-23,2021-05-23,Domingo,64076.3
2021-05-24,2021-05-24,Segunda-feira,95971.88
2021-05-25,2021-05-25,Terça-feira,48581.46
2021-05-26,2021-05-26,Quarta-feira,89957.93000000001
2021-05-27,2021-05-27,Quinta-feira,85089.04000000001
2021-05-28,2021-05-28,Sexta-feira,22859.48
2021-05-29,2021-05-29,Sábado,79893.47
2021-05-30,2021-05-30,Domingo,113705.1
2021-05-31,2021-05-31,Segunda-feira,67867.09
2021-06-01,2021-06-01,Terça-feira,82709.23999999999
2021-06-02,2021-06-02,Quarta-feira,55435.31
2021-06-03,2021-06-03,Quinta-feira,92322.36
2021-06-04,2021-06-04,Sexta-feira,0.0
2021-06-05,2021-06-05,Sábado,0.0
2021-06-06,2021-06-06,Domingo,0.0
2021-06-07,2021-06-07,Segunda-feira,22133.61
2021-06-08,2021-06-08,Terça-feira,63690.56
2021-06-09,2021-06-09,Quarta-feira,47363.54
2021-06-10,2021-06-10,Quinta-feira,59605.55
2021-06-11,2021-06-11,Sexta-feira,175091.12
2021-06-12,2021-06-12,Sábado,25011.85
2021-06-13,2021-06-13,Domingo,85797.95
2021-06-14,2021-06-14,Segunda-feira,496.5
2021-06-15,2021-06-15,Terça-feira,45883.149999999994
2021-06-16,2021-06-16,Quarta-feira,0.0
2021-06-17,2021-06-17,Quinta-feira,72829.01000000001
2021-06-18,2021-06-18,Sexta-feira,27703.66
2021-06-19,2021-06-19,Sábado,76789.95
2021-06-20,2021-06-20,Domingo,0.0
2021-06-21,2021-06-21,Segunda-feira,36284.13
2021-06-22,2021-06-22,Terça-feira,68796.59
2021-06-23,2021-06-23,Quarta-feira,60548.9
2021-06-24,2021-06-24,Quinta-feira,0.0
2021-06-25,2021-06-25,Sexta-feira,71193.35
2021-06-26,2021-06-26,Sábado,58258.700000000004
2021-06-27,2021-06-27,Domingo,72014.56
2021-06-28,2021-06-28,Segunda-feira,3488.04
2021-06-29,2021-06-29,Terça-feira,65237.659999999996
2021-06-30,2021-06-30,Quarta-feira,37017.11
2021-07-01,2021-07-01,Quinta-feira,48902.979999999996
2021-07-02,2021-07-02,Sexta-feira,19153.34
2021-07-03,2021-07-03,Sábado,0.0
2021-07-04,2021-07-04,Domingo,105257.5
2021-07-05,2021-07-05,Segunda-feira,120884.33
2021-07-06,2021-07-06,Terça-feira,34701.45
2021-07-07,2021-07-07,Quarta-feira,36648.87
2021-07-08,2021-07-08,Quinta-feira,0.0
2021-07-09,2021-07-09,Sexta-feira,100960.1
2021-07-10,2021-07-10,Sábado,225580.03999999998
2021-07-11,2021-07-11,Domingo,78693.89
2021-07-12,2021-07-12,Segunda-feira,36871.9
2021-07-13,2021-07-13,Terça-feira,0.0
2021-07-14,2021-07-14,Quarta-feira,10386.0
2021-07-15,2021-07-15,Quinta-feira,16085.27
2021-07-16,2021-07-16,Sexta-feira,37812.979999999996
2021-07-17,2021-07-17,Sábado,9760.92
2021-07-18,2021-07-18,Domingo,7569.5
2021-07-19,2021-07-19,Segunda-feira,47588.369999999995
2021-07-20,2021-07-20,Terça-feira,129678.69
2021-07-21,2021-07-21,Quarta-feira,19561.739999999998
2021-07-22,2021-07-22,Quinta-feira,118069.62
2021-07-23,2021-07-23,Sexta-feira,76122.2
2021-07-24,2021-07-24,Sábado,81134.5
2021-07-25,2021-07-25,Domingo,35971.84
2021-07-26,2021-07-26,Segunda-feira,24988.91
2021-07-27,2021-07-27,Terça-feira,99453.22
2021-07-28,2021-07-28,Quarta-feira,93929.14
2021-07-29,2021-07-29,Quinta-feira,69742.56
2021-07-30,2021-07-30,Sexta-feira,63879.54
2021-07-31,2021-07-31,Sábado,137532.93
2021-08-01,2021-08-01,Domingo,54015.119999999995
2021-08-02,2021-08-02,Segunda-feira,122044.56000000001
2021-08-03,2021-08-03,Terça-feira,10979.08
2021-08-04,2021-08-04,Quarta-feira,68459.65
2021-08-05,2021-08-05,Quinta-feira,18886.86
2021-08-06,2021-08-06,Sexta-feira,0.0
2021-08-07,2021-08-07,Sábado,76105.20999999999
2021-08-08,2021-08-08,Domingo,13932.72
2021-08-09,2021-08-09,Segunda-feira,83691.65
2021-08-10,2021-08-10,Terça-feira,71729.75
2021-08-11,2021-08-11,Quarta-feira,19806.18
2021-08-12,2021-08-12,Quinta-feira,42090.009999999995
2021-08-13,2021-08-13,Sexta-feira,19949.09
2021-08-14,2021-08-14,Sábado,62858.89
2021-08-15,2021-08-15,Domingo,57115.74
2021-08-16,2021-08-16,Segunda-feira,2883.52
2021-08-17,2021-08-17,Terça-feira,0.0
2021-08-18,2021-08-18,Quarta-feira,0.0
2021-08-19,2021-08-19,Quinta-feira,127253.2
2021-08-20,2021-08-20,Sexta-feira,156859.75
2021-08-21,2021-08-21,Sábado,40169.2
2021-08-22,2021-08-22,Domingo,0.0
2021-08-23,2021-08-23,Segunda-feira,37522.31
2021-08-24,2021-08-24,Terça-feira,112358.95
2021-08-25,2021-08-25,Quarta-feira,100834.87
2021-08-26,2021-08-26,Quinta-feira,79011.25
2021-08-27,2021-08-27,Sexta-feira,17140.0
2021-08-28,2021-08-28,Sábado,0.0
2021-08-29,2021-08-29,Domingo,77353.26
2021-08-30,2021-08-30,Segunda-feira,30052.54
2021-08-31,2021-08-31,Terça-feira,133351.54
2021-09-01,2021-09-01,Quarta-feira,70884.28
2021-09-02,2021-09-02,Quinta-feira,0.0
2021-09-03,2021-09-03,Sexta-feira,57090.16
2021-09-04,2021-09-04,Sábado,93857.32
2021-09-05,2021-09-05,Domingo,253125.96
2021-09-06,2021-09-06,Segunda-feira,183192.97
2021-09-07,2021-09-07,Terça-feira,168485.3
2021-09-08,2021-09-08,Quarta-feira,13340.8
2021-09-09,2021-09-09,Quinta-feira,20426.16
2021-09-10,2021-09-10,Sexta-feira,75366.82
2021-09-11,2021-09-11,Sábado,83413.81
2021-09-12,2021-09-12,Domingo,112484.37
2021-09-13,2021-09-13,Segunda-feira,23513.41
2021-09-14,2021-09-14,Terça-feira,167556.69
2021-09-15,2021-09-15,Quarta-feira,61583.1
2021-09-16,2021-09-16,Quinta-feira,142605.76
2021-09-17,2021-09-17,Sexta-feira,0.0
2021-09-18,2021-09-18,Sábado,22336.77
2021-09-19,2021-09-19,Domingo,87956.47
2021-09-20,2021-09-20,Segunda-feira,105590.66
2021-09-21,2021-09-21,Terça-feira,131468.91
2021-09-22,2021-09-22,Quarta-feira,22558.54
2021-09-23,2021-09-23,Quinta-feira,60644.56
2021-09-24,2021-09-24,Sexta-feira,97137.78
2021-09-25,2021-09-25,Sábado,91173.87
2021-09-26,2021-09-26,Domingo,2746.74
2021-09-27,2021-09-27,Segunda-feira,67792.15
2021-09-28,2021-09-28,Terça-feira,88920.66
2021-09-29,2021-09-29,Quarta-feira,10039.25
2021-09-30,2021-09-30,Quinta-feira,40621.37
2021-10-01,2021-10-01,Sexta-feira,189989.61
2021-10-02,2021-10-02,Sábado,40364.04
2021-10-03,2021-10-03,Domingo,0.0
2021-10-04,2021-10-04,Segunda-feira,24630.76
2021-10-05,2021-10-05,Terça-feira,349928.31
2021-10-06,2021-10-06,Quarta-feira,60986.48
2021-10-07,2021-10-07,Quinta-feira,12567.96
2021-10-08,2021-10-08,Sexta-feira,224000.62
2021-10-09,2021-10-09,Sábado,99090.97
2021-10-10,2021-10-10,Domingo,37416.08
2021-10-11,2021-10-11,Segunda-feira,269660.45
2021-10-12,2021-10-12,Terça-feira,33515.27
2021-10-13,2021-10-13,Quarta-feira,62335.799999999996
2021-10-14,2021-10-14,Quinta-feira,89369.43000000001
2021-10-15,2021-10-15,Sexta-feira,69767.11
2021-10-16,2021-10-16,Sábado,194845.24
2021-10-17,2021-10-17,Domingo,174765.24000000002
2021-10-18,2021-10-18,Segunda-feira,17367.03
2021-10-19,2021-10-19,Terça-feira,41418.82
2021-10-20,2021-10-20,Quarta-feira,50802.0
2021-10-21,2021-10-21,Quinta-feira,63912.66
2021-10-22,2021-10-22,Sexta-feira,254675.15
2021-10-23,2021-10-23,Sábado,33581.26
2021-10-24,2021-10-24,Domingo,257421.45
2021-10-25,2021-10-25,Segunda-feira,72630.54999999999
2021-10-26,2021-10-26,Terça-feira,156576.65
2021-10-27,2021-10-27,Quarta-feira,74962.32
2021-10-28,2021-10-28,Quinta-feira,94788.29
2021-10-29,2021-10-29,Sexta-feira,141692.24
2021-10-30,2021-10-30,Sábado,133362.52000000002
2021-10-31,2021-10-31,Domingo,118694.92
2021-11-01,2021-11-01,Segunda-feira,106802.5
2021-11-02,2021-11-02,Terça-feira,121544.73999999999
2021-11-03,2021-11-03,Quarta-feira,49173.27
2021-11-04,2021-11-04,Quinta-feira,63660.34
2021-11-05,2021-11-05,Sexta-feira,150759.9
2021-11-06,2021-11-06,Sábado,64124.880000000005
2021-11-07,2021-11-07,Domingo,204985.24
2021-11-08,2021-11-08,Segunda-feira,63183.83
2021-11-09,2021-11-09,Terça-feira,116182.6
2021-11-10,2021-11-10,Quarta-feira,156253.75
2021-11-11,2021-11-11,Quinta-feira,103948.4
2021-11-12,2021-11-12,Sexta-feira,159191.86
2021-11-13,2021-11-13,Sábado,125369.44
2021-11-14,2021-11-14,Domingo,267715.95
2021-11-15,2021-11-15,Segunda-feira,207254.45
2021-11-16,2021-11-16,Terça-feira,108200.2
2021-11-17,2021-11-17,Quarta-feira,182318.64
2021-11-18,2021-11-18,Quinta-feira,124295.77
2021-11-19,2021-11-19,Sexta-feira,307518.16000000003
2021-11-20,2021-11-20,Sábado,225244.71
2021-11-21,2021-11-21,Domingo,244918.46
2021-11-22,2021-11-22,Segunda-feira,55005.579999999994
2021-11-23,2021-11-23,Terça-feira,204667.75
2021-11-24,2021-11-24,Quarta-feira,161048.41999999998
2021-11-25,2021-11-25,Quinta-feira,43212.880000000005
2021-11-26,2021-11-26,Sexta-feira,69332.6
2021-11-27,2021-11-27,Sábado,53077.560000000005
2021-11-28,2021-11-28,Domingo,44465.82
2021-11-29,2021-11-29,Segunda-feira,15612.12
2021-11-30,2021-11-30,Terça-feira,55574.48
2021-12-01,2021-12-01,Quarta-feira,164073.35
2021-12-02,2021-12-02,Quinta-feira,120356.16
2021-12-03,2021-12-03,Sexta-feira,276539.61
2021-12-04,2021-12-04,Sábado,67773.36
2021-12-05,2021-12-05,Domingo,124345.95
2021-12-06,2021-12-06,Segunda-feira,286063.21
2021-12-07,2021-12-07,Terça-feira,138173.37
2021-12-08,2021-12-08,Quarta-feira,237055.05
2021-12-09,2021-12-09,Quinta-feira,47265.95
2021-12-10,2021-12-10,Sexta-feira,243275.66
2021-12-11,2021-12-11,Sábado,323047.26
2021-12-12,2021-12-12,Domingo,159608.9
2021-12-13,2021-12-13,Segunda-feira,52728.16
2021-12-14,2021-12-14,Terça-feira,188258.23
2021-12-15,2021-12-15,Quarta-feira,248121.68
2021-12-16,2021-12-16,Quinta-feira,204333.07
2021-12-17,2021-12-17,Sexta-feira,102751.01
2021-12-18,2021-12-18,Sábado,286679.95
2021-12-19,2021-12-19,Domingo,31007.0
2021-12-20,2021-12-20,Segunda-feira,39070.270000000004
2021-12-21,2021-12-21,Terça-feira,208790.54
2021-12-22,2021-12-22,Quarta-feira,287330.75
2021-12-23,2021-12-23,Quinta-feira,199590.65
2021-12-24,2021-12-24,Sexta-feira,180540.23
2021-12-25,2021-12-25,Sábado,95769.45
2021-12-26,2021-12-26,Domingo,123984.35
2021-12-27,2021-12-27,Segunda-feira,156483.16
2021-12-28,2021-12-28,Terça-feira,22642.27
2021-12-29,2021-12-29,Quarta-feira,116411.27
2021-12-30,2021-12-30,Quinta-feira,94598.86
2021-12-31,2021-12-31,Sexta-feira,190933.06
2022-01-01,2022-01-01,Sábado,226036.79
2022-01-02,2022-01-02,Domingo,245386.51
2022-01-03,2022-01-03,Segunda-feira,113725.48999999999
2022-01-04,2022-01-04,Terça-feira,251942.53
2022-01-05,2022-01-05,Quarta-feira,271529.24
2022-01-06,2022-01-06,Quinta-feira,120007.81
2022-01-07,2022-01-07,Sexta-feira,192602.76
2022-01-08,2022-01-08,Sábado,245226.51
2022-01-09,2022-01-09,Domingo,156770.13
2022-01-10,2022-01-10,Segunda-feira,107678.25
2022-01-11,2022-01-11,Terça-feira,393773.92
2022-01-12,2022-01-12,Quarta-feira,276257.05
2022-01-13,2022-01-13,Quinta-feira,301829.71
2022-01-14,2022-01-14,Sexta-feira,162751.69
2022-01-15,2022-01-15,Sábado,180939.67
2022-01-16,2022-01-16,Domingo,130735.20999999999
2022-01-17,2022-01-17,Segunda-feira,38661.240000000005
2022-01-18,2022-01-18,Terça-feira,15817.0
2022-01-19,2022-01-19,Quarta-feira,208867.45
2022-01-20,2022-01-20,Quinta-feira,400415.07
2022-01-21,2022-01-21,Sexta-feira,90671.54
2022-01-22,2022-01-22,Sábado,135357.66999999998
2022-01-23,2022-01-23,Domingo,100548.06999999999
2022-01-24,2022-01-24,Segunda-feira,198565.02000000002
2022-01-25,2022-01-25,Terça-feira,231049.75
2022-01-26,2022-01-26,Quarta-feira,254511.40999999997
2022-01-27,2022-01-27,Quinta-feira,151667.23
2022-01-28,2022-01-28,Sexta-feira,282599.05
2022-01-29,2022-01-29,Sábado,147761.19
2022-01-30,2022-01-30,Domingo,267229.4
2022-01-31,2022-01-31,Segunda-feira,142918.18
2022-02-01,2022-02-01,Terça-feira,226665.68
2022-02-02,2022-02-02,Quarta-feira,206390.74
2022-02-03,2022-02-03,Quinta-feira,203627.75
2022-02-04,2022-02-04,Sexta-feira,282060.37
2022-02-05,2022-02-05,Sábado,189800.87
2022-02-06,2022-02-06,Domingo,113483.36
2022-02-07,2022-02-07,Segunda-feira,121244.52
2022-02-08,2022-02-08,Terça-feira,142065.26
2022-02-09,2022-02-09,Quarta-feira,190815.01
2022-02-10,2022-02-10,Quinta-feira,418575.39
2022-02-11,2022-02-11,Sexta-feira,46769.31
2022-02-12,2022-02-12,Sábado,255152.77000000002
2022-02-13,2022-02-13,Domingo,119296.84
2022-02-14,2022-02-14,Segunda-feira,113140.12
2022-02-15,2022-02-15,Terça-feira,127464.67
2022-02-16,2022-02-16,Quarta-feira,306764.95999999996
2022-02-17,2022-02-17,Quinta-feira,215432.76
2022-02-18,2022-02-18,Sexta-feira,191017.9
2022-02-19,2022-02-19,Sábado,286528.71
2022-02-20,2022-02-20,Domingo,103322.36
2022-02-21,2022-02-21,Segunda-feira,60100.71000000001
2022-02-22,2022-02-22,Terça-feira,461156.98
2022-02-23,2022-02-23,Quarta-feira,52105.67
2022-02-24,2022-02-24,Quinta-feira,220548.41999999998
2022-02-25,2022-02-25,Sexta-feira,305705.09
2022-02-26,2022-02-26,Sábado,192915.5
2022-02-27,2022-02-27,Domingo,162871.73
2022-02-28,2022-02-28,Segunda-feira,214201.38999999998
2022-03-01,2022-03-01,Terça-feira,79536.31
2022-03-02,2022-03-02,Quarta-feira,155141.71000000002
2022-03-03,2022-03-03,Quinta-feira,179059.46
2022-03-04,2022-03-04,Sexta-feira,286632.76
2022-03-05,2022-03-05,Sábado,193618.04
2022-03-06,2022-03-06,Domingo,322942.7
2022-03-07,2022-03-07,Segunda-feira,145462.46
2022-03-08,2022-03-08,Terça-feira,92063.66
2022-03-09,2022-03-09,Quarta-feira,112883.07
2022-03-10,2022-03-10,Quinta-feira,234830.28
2022-03-11,2022-03-11,Sexta-feira,331892.63
2022-03-12,2022-03-12,Sábado,191612.03
2022-03-13,2022-03-13,Domingo,117437.05
2022-03-14,2022-03-14,Segunda-feira,151027.95
2022-03-15,2022-03-15,Terça-feira,31666.559999999998
2022-03-16,2022-03-16,Quarta-feira,179880.72
2022-03-17,2022-03-17,Quinta-feira,253160.28
2022-03-18,2022-03-18,Sexta-feira,187699.38
2022-03-19,2022-03-19,Sábado,269371.06
2022-03-20,2022-03-20,Domingo,218465.69999999998
2022-03-21,2022-03-21,Segunda-feira,235300.59
2022-03-22,2022-03-22,Terça-feira,157593.13
2022-03-23,2022-03-23,Quarta-feira,200585.56
2022-03-24,2022-03-24,Quinta-feira,157079.27
2022-03-25,2022-03-25,Sexta-feira,180912.65
2022-03-26,2022-03-26,Sábado,71112.92
2022-03-27,2022-03-27,Domingo,101343.35
2022-03-28,2022-03-28,Segunda-feira,121429.02
2022-03-29,2022-03-29,Terça-feira,200254.27
2022-03-30,2022-03-30,Quarta-feira,150440.61
2022-03-31,2022-03-31,Quinta-feira,55859.909999999996
2022-04-01,2022-04-01,Sexta-feira,217136.0
2022-04-02,2022-04-02,Sábado,91614.12
2022-04-03,2022-04-03,Domingo,133941.07
2022-04-04,2022-04-04,Segunda-feira,31394.33
2022-04-05,2022-04-05,Terça-feira,265082.8
2022-04-06,2022-04-06,Quarta-feira,170913.04
2022-04-07,2022-04-07,Quinta-feira,92715.69
2022-04-08,2022-04-08,Sexta-feira,158644.31
2022-04-09,2022-04-09,Sábado,142836.4
2022-04-10,2022-04-10,Domingo,160270.50999999998
2022-04-11,2022-04-11,Segunda-feira,205576.18
2022-04-12,2022-04-12,Terça-feira,188906.03
2022-04-13,2022-04-13,Quarta-feira,204058.24
2022-04-14,2022-04-14,Quinta-feira,80495.48
2022-04-15,2022-04-15,Sexta-feira,248380.58000000002
2022-04-16,2022-04-16,Sábado,135832.49
2022-04-17,2022-04-17,Domingo,52167.8
2022-04-18,2022-04-18,Segunda-feira,7226.94
2022-04-19,2022-04-19,Terça-feira,73515.68000000001
2022-04-20,2022-04-20,Quarta-feira,213045.22
2022-04-21,2022-04-21,Quinta-feira,139146.86
2022-04-22,2022-04-22,Sexta-feira,343084.35
2022-04-23,2022-04-23,Sábado,282758.6
2022-04-24,2022-04-24,Domingo,114927.91
2022-04-25,2022-04-25,Segunda-feira,192258.0
2022-04-26,2022-04-26,Terça-feira,196682.89
2022-04-27,2022-04-27,Quarta-feira,110610.5
2022-04-28,2022-04-28,Quinta-feira,0.0
2022-04-29,2022-04-29,Sexta-feira,132154.25
2022-04-30,2022-04-30,Sábado,141367.49
2022-05-01,2022-05-01,Domingo,245668.18
2022-05-02,2022-05-02,Segunda-feira,132295.30000000002
2022-05-03,2022-05-03,Terça-feira,127387.9
2022-05-04,2022-05-04,Quarta-feira,154364.98
2022-05-05,2022-05-05,Quinta-feira,64860.73
2022-05-06,2022-05-06,Sexta-feira,94683.44
2022-05-07,2022-05-07,Sábado,212670.84
2022-05-08,2022-05-08,Domingo,23469.45
2022-05-09,2022-05-09,Segunda-feira,23348.54
2022-05-10,2022-05-10,Terça-feira,20910.02
2022-05-11,2022-05-11,Quarta-feira,56617.23
2022-05-12,2022-05-12,Quinta-feira,118427.02
2022-05-13,2022-05-13,Sexta-feira,193393.59
2022-05-14,2022-05-14,Sábado,91231.62
2022-05-15,2022-05-15,Domingo,201552.58000000002
2022-05-16,2022-05-16,Segunda-feira,116557.67000000001
2022-05-17,2022-05-17,Terça-feira,85129.23999999999
2022-05-18,2022-05-18,Quarta-feira,173829.7
2022-05-19,2022-05-19,Quinta-feira,51852.58
2022-05-20,2022-05-20,Sexta-feira,59247.08
2022-05-21,2022-05-21,Sábado,76888.31
2022-05-22,2022-05-22,Domingo,0.0
2022-05-23,2022-05-23,Segunda-feira,83177.7
2022-05-24,2022-05-24,Terça-feira,120377.66
2022-05-25,2022-05-25,Quarta-feira,52027.23
2022-05-26,2022-05-26,Quinta-feira,16335.3
2022-05-27,2022-05-27,Sexta-feira,242909.83
2022-05-28,2022-05-28,Sábado,157628.28
2022-05-29,2022-05-29,Domingo,119948.86
2022-05-30,2022-05-30,Segunda-feira,25117.620000000003
2022-05-31,2022-05-31,Terça-feira,191608.65
2022-06-01,2022-06-01,Quarta-feira,13952.36
2022-06-02,2022-06-02,Quinta-feira,51327.88
2022-06-03,2022-06-03,Sexta-feira,9114.05
2022-06-04,2022-06-04,Sábado,111141.98999999999
2022-06-05,2022-06-05,Domingo,69432.84
2022-06-06,2022-06-06,Segunda-feira,205935.18
2022-06-07,2022-06-07,Terça-feira,0.0
2022-06-08,2022-06-08,Quarta-feira,60864.630000000005
2022-06-09,2022-06-09,Quinta-feira,99330.81
2022-06-10,2022-06-10,Sexta-feira,96496.77
2022-06-11,2022-06-11,Sábado,172878.74
2022-06-12,2022-06-12,Domingo,67100.66
2022-06-13,2022-06-13,Segunda-feira,16746.83
2022-06-14,2022-06-14,Terça-feira,8789.18
2022-06-15,2022-06-15,Quarta-feira,107242.20999999999
2022-06-16,2022-06-16,Quinta-feira,99059.05
2022-06-17,2022-06-17,Sexta-feira,83249.65
2022-06-18,2022-06-18,Sábado,10606.23
2022-06-19,2022-06-19,Domingo,38618.61
2022-06-20,2022-06-20,Segunda-feira,16956.1
2022-06-21,2022-06-21,Terça-feira,39523.41
2022-06-22,2022-06-22,Quarta-feira,49376.75
2022-06-23,2022-06-23,Quinta-feira,0.0
2022-06-24,2022-06-24,Sexta-feira,71525.19
2022-06-25,2022-06-25,Sábado,57431.02
2022-06-26,2022-06-26,Domingo,94511.58
2022-06-27,2022-06-27,Segunda-feira,126964.33
2022-06-28,2022-06-28,Terça-feira,30519.37
2022-06-29,2022-06-29,Quarta-feira,0.0
2022-06-30,2022-06-30,Quinta-feira,107994.31999999999
2022-07-01,2022-07-01,Sexta-feira,67190.0
2022-07-02,2022-07-02,Sábado,127555.36
2022-07-03,2022-07-03,Domingo,75093.27
2022-07-04,2022-07-04,Segunda-feira,54846.26
2022-07-05,2022-07-05,Terça-feira,161029.27
2022-07-06,2022-07-06,Quarta-feira,107480.14
2022-07-07,2022-07-07,Quinta-feira,37911.63
2022-07-08,2022-07-08,Sexta-feira,27415.04
2022-07-09,2022-07-09,Sábado,64497.08
2022-07-10,2022-07-10,Domingo,70458.74
2022-07-11,2022-07-11,Segunda-feira,33589.89
2022-07-12,2022-07-12,Terça-feira,21163.62
2022-07-13,2022-07-13,Quarta-feira,103841.48000000001
2022-07-14,2022-07-14,Quinta-feira,3684.82
2022-07-15,2022-07-15,Sexta-feira,147496.97
2022-07-16,2022-07-16,Sábado,0.0
2022-07-17,2022-07-17,Domingo,131128.75
2022-07-18,2022-07-18,Segunda-feira,43933.89
2022-07-19,2022-07-19,Terça-feira,100849.27
2022-07-20,2022-07-20,Quarta-feira,63044.91
2022-07-21,2022-07-21,Quinta-feira,43359.32
2022-07-22,2022-07-22,Sexta-feira,0.0
2022-07-23,2022-07-23,Sábado,88573.1
2022-07-24,2022-07-24,Domingo,73243.03
2022-07-25,2022-07-25,Segunda-feira,132897.97999999998
2022-07-26,2022-07-26,Terça-feira,3315.57
2022-07-27,2022-07-27,Quarta-feira,43993.43
2022-07-28,2022-07-28,Quinta-feira,0.0
2022-07-29,2022-07-29,Sexta-feira,80653.6
2022-07-30,2022-07-30,Sábado,17031.36
2022-07-31,2022-07-31,Domingo,57974.53
2022-08-01,2022-08-01,Segunda-feira,0.0
2022-08-02,2022-08-02,Terça-feira,65676.46
2022-08-03,2022-08-03,Quarta-feira,115991.41999999998
2022-08-04,2022-08-04,Quinta-feira,28447.61
2022-08-05,2022-08-05,Sexta-feira,50240.35
2022-08-06,2022-08-06,Sábado,42916.74
2022-08-07,2022-08-07,Domingo,1198.08
2022-08-08,2022-08-08,Segunda-feira,69483.15000000001
2022-08-09,2022-08-09,Terça-feira,211183.83
2022-08-10,2022-08-10,Quarta-feira,0.0
2022-08-11,2022-08-11,Quinta-feira,0.0
2022-08-12,2022-08-12,Sexta-feira,30313.170000000002
2022-08-13,2022-08-13,Sábado,83681.23999999999
2022-08-14,2022-08-14,Domingo,31954.449999999997
2022-08-15,2022-08-15,Segunda-feira,144967.71000000002
2022-08-16,2022-08-16,Terça-feira,48060.619999999995
2022-08-17,2022-08-17,Quarta-feira,110695.9
2022-08-18,2022-08-18,Quinta-feira,66376.14
2022-08-19,2022-08-19,Sexta-feira,4610.13
2022-08-20,2022-08-20,Sábado,90355.03
2022-08-21,2022-08-21,Domingo,182320.89
2022-08-22,2022-08-22,Segunda-feira,27907.81
2022-08-23,2022-08-23,Terça-feira,47517.119999999995
2022-08-24,2022-08-24,Quarta-feira,0.0
2022-08-25,2022-08-25,Quinta-feira,92806.02
2022-08-26,2022-08-26,Sexta-feira,22079.75
2022-08-27,2022-08-27,Sábado,178733.38
2022-08-28,2022-08-28,Domingo,23288.8
2022-08-29,2022-08-29,Segunda-feira,49093.74
2022-08-30,2022-08-30,Terça-feira,143023.31
2022-08-31,2022-08-31,Quarta-feira,129920.88
2022-09-01,2022-09-01,Quinta-feira,254952.85
2022-09-02,2022-09-02,Sexta-feira,74182.70999999999
2022-09-03,2022-09-03,Sábado,102522.93000000001
2022-09-04,2022-09-04,Domingo,114775.77
2022-09-05,2022-09-05,Segunda-feira,76072.64
2022-09-06,2022-09-06,Terça-feira,103450.72
2022-09-07,2022-09-07,Quarta-feira,39859.29
2022-09-08,2022-09-08,Quinta-feira,85411.35
2022-09-09,2022-09-09,Sexta-feira,150825.55
2022-09-10,2022-09-10,Sábado,113412.60999999999
2022-09-11,2022-09-11,Domingo,60056.59
2022-09-12,2022-09-12,Segunda-feira,31873.68
2022-09-13,2022-09-13,Terça-feira,30917.11
2022-09-14,2022-09-14,Quarta-feira,325504.9
2022-09-15,2022-09-15,Quinta-feira,23491.48
2022-09-16,2022-09-16,Sexta-feira,80063.43000000001
2022-09-17,2022-09-17,Sábado,20971.35
2022-09-18,2022-09-18,Domingo,63537.58
2022-09-19,2022-09-19,Segunda-feira,46661.990000000005
2022-09-20,2022-09-20,Terça-feira,66018.26
2022-09-21,2022-09-21,Quarta-feira,69021.07
2022-09-22,2022-09-22,Quinta-feira,32609.480000000003
2022-09-23,2022-09-23,Sexta-feira,176366.91
2022-09-24,2022-09-24,Sábado,60330.060000000005
2022-09-25,2022-09-25,Domingo,148518.06
2022-09-26,2022-09-26,Segunda-feira,49219.47
2022-09-27,2022-09-27,Terça-feira,87097.62
2022-09-28,2022-09-28,Quarta-feira,36109.990000000005
2022-09-29,2022-09-29,Quinta-feira,88268.86
2022-09-30,2022-09-30,Sexta-feira,15470.21
2022-10-01,2022-10-01,Sábado,229993.84
2022-10-02,2022-10-02,Domingo,78705.94
2022-10-03,2022-10-03,Segunda-feira,110092.23000000001
2022-10-04,2022-10-04,Terça-feira,195932.48
2022-10-05,2022-10-05,Quarta-feira,69226.11
2022-10-06,2022-10-06,Quinta-feira,0.0
2022-10-07,2022-10-07,Sexta-feira,217328.87
2022-10-08,2022-10-08,Sábado,280574.34
2022-10-09,2022-10-09,Domingo,108945.09
2022-10-10,2022-10-10,Segunda-feira,123783.02
2022-10-11,2022-10-11,Terça-feira,208470.81
2022-10-12,2022-10-12,Quarta-feira,237547.55
2022-10-13,2022-10-13,Quinta-feira,193758.45
2022-10-14,2022-10-14,Sexta-feira,16397.21
2022-10-15,2022-10-15,Sábado,176066.86
2022-10-16,2022-10-16,Domingo,144130.84
2022-10-17,2022-10-17,Segunda-feira,90644.42
2022-10-18,2022-10-18,Terça-feira,166769.8
2022-10-19,2022-10-19,Quarta-feira,231724.43
2022-10-20,2022-10-20,Quinta-feira,132514.6
2022-10-21,2022-10-21,Sexta-feira,166655.14
2022-10-22,2022-10-22,Sábado,122993.06
2022-10-23,2022-10-23,Domingo,124807.81
2022-10-24,2022-10-24,Segunda-feira,8471.23
2022-10-25,2022-10-25,Terça-feira,24291.88
2022-10-26,2022-10-26,Quarta-feira,209114.35
2022-10-27,2022-10-27,Quinta-feira,212450.66
2022-10-28,2022-10-28,Sexta-feira,102886.23999999999
2022-10-29,2022-10-29,Sábado,218883.18
2022-10-30,2022-10-30,Domingo,82594.49
2022-10-31,2022-10-31,Segunda-feira,306798.82
2022-11-01,2022-11-01,Terça-feira,273825.31
2022-11-02,2022-11-02,Quarta-feira,182441.36
2022-11-03,2022-11-03,Quinta-feira,180310.61
2022-11-04,2022-11-04,Sexta-feira,95332.48999999999
2022-11-05,2022-11-05,Sábado,105420.19
2022-11-06,2022-11-06,Domingo,161935.05
2022-11-07,2022-11-07,Segunda-feira,161382.68
2022-11-08,2022-11-08,Terça-feira,27085.19
2022-11-09,2022-11-09,Quarta-feira,136254.46
2022-11-10,2022-11-10,Quinta-feira,156814.45
2022-11-11,2022-11-11,Sexta-feira,155297.46000000002
2022-11-12,2022-11-12,Sábado,209214.24
2022-11-13,2022-11-13,Domingo,102476.11
2022-11-14,2022-11-14,Segunda-feira,217695.91
2022-11-15,2022-11-15,Terça-feira,173252.32
2022-11-16,2022-11-16,Quarta-feira,47044.82
2022-11-17,2022-11-17,Quinta-feira,134595.43
2022-11-18,2022-11-18,Sexta-feira,15408.9
2022-11-19,2022-11-19,Sábado,177225.74
2022-11-20,2022-11-20,Domingo,114774.05
2022-11-21,2022-11-21,Segunda-feira,101955.42
2022-11-22,2022-11-22,Terça-feira,153328.48
2022-11-23,2022-11-23,Quarta-feira,359442.98
2022-11-24,2022-11-24,Quinta-feira,73774.85
2022-11-25,2022-11-25,Sexta-feira,231565.7
2022-11-26,2022-11-26,Sábado,92188.11
2022-11-27,2022-11-27,Domingo,98819.70999999999
2022-11-28,2022-11-28,Segunda-feira,176150.28
2022-11-29,2022-11-29,Terça-feira,226113.83000000002
2022-11-30,2022-11-30,Quarta-feira,146902.38
2022-12-01,2022-12-01,Quinta-feira,163943.68
2022-12-02,2022-12-02,Sexta-feira,242405.69
2022-12-03,2022-12-03,Sábado,150442.96
2022-12-04,2022-12-04,Domingo,211723.50999999998
2022-12-05,2022-12-05,Segunda-feira,258673.09
2022-12-06,2022-12-06,Terça-feira,219178.91
2022-12-07,2022-12-07,Quarta-feira,235261.65
2022-12-08,2022-12-08,Quinta-feira,200435.23
2022-12-09,2022-12-09,Sexta-feira,233537.13
2022-12-10,2022-12-10,Sábado,115521.40000000001
2022-12-11,2022-12-11,Domingo,285913.75
2022-12-12,2022-12-12,Segunda-feira,147735.27000000002
2022-12-13,2022-12-13,Terça-feira,175095.13
2022-12-14,2022-12-14,Quarta-feira,203377.51
2022-12-15,2022-12-15,Quinta-feira,362218.62
2022-12-16,2022-12-16,Sexta-feira,201659.29
2022-12-17,2022-12-17,Sábado,239295.3
2022-12-18,2022-12-18,Domingo,192366.1
2022-12-19,2022-12-19,Segunda-feira,352085.83
2022-12-20,2022-12-20,Terça-feira,167420.71000000002
2022-12-21,2022-12-21,Quarta-feira,126783.72
2022-12-22,2022-12-22,Quinta-feira,197160.28999999998
2022-12-23,2022-12-23,Sexta-feira,298406.64
2022-12-24,2022-12-24,Sábado,229865.51
2022-12-25,2022-12-25,Domingo,162580.40000000002
2022-12-26,2022-12-26,Segunda-feira,257481.62
2022-12-27,2022-12-27,Terça-feira,368957.04
2022-12-28,2022-12-28,Quarta-feira,93790.45
2022-12-29,2022-12-29,Quinta-feira,183867.06
2022-12-30,2022-12-30,Sexta-feira,277362.72000000003
2022-12-31,2022-12-31,Sábado,155127.09
2023-01-01,2023-01-01,Domingo,274936.05
2023-01-02,2023-01-02,Segunda-feira,108421.06
2023-01-03,2023-01-03,Terça-feira,274377.5
2023-01-04,2023-01-04,Quarta-feira,294462.86
2023-01-05,2023-01-05,Quinta-feira,222237.68
2023-01-06,2023-01-06,Sexta-feira,352942.89
2023-01-07,2023-01-07,Sábado,316677.26
2023-01-08,2023-01-08,Domingo,470950.33
2023-01-09,2023-01-09,Segunda-feira,217990.95
2023-01-10,2023-01-10,Terça-feira,386325.74
2023-01-11,2023-01-11,Quarta-feira,305795.55
2023-01-12,2023-01-12,Quinta-feira,156316.16999999998
2023-01-13,2023-01-13,Sexta-feira,146150.09
2023-01-14,2023-01-14,Sábado,156810.47999999998
2023-01-15,2023-01-15,Domingo,282673.62
2023-01-16,2023-01-16,Segunda-feira,293901.14
2023-01-17,2023-01-17,Terça-feira,12872.91
2023-01-18,2023-01-18,Quarta-feira,413621.7
2023-01-19,2023-01-19,Quinta-feira,201789.28
2023-01-20,2023-01-20,Sexta-feira,336650.74
2023-01-21,2023-01-21,Sábado,348407.51
2023-01-22,2023-01-22,Domingo,222735.34
2023-01-23,2023-01-23,Segunda-feira,183446.93
2023-01-24,2023-01-24,Terça-feira,148481.79
2023-01-25,2023-01-25,Quarta-feira,329407.14
2023-01-26,2023-01-26,Quinta-feira,289516.14
2023-01-27,2023-01-27,Sexta-feira,197303.24
2023-01-28,2023-01-28,Sábado,70692.84
2023-01-29,2023-01-29,Domingo,411398.74
2023-01-30,2023-01-30,Segunda-feira,198430.79
2023-01-31,2023-01-31,Terça-feira,171349.69
2023-02-01,2023-02-01,Quarta-feira,211190.97
2023-02-02,2023-02-02,Quinta-feira,267156.87
2023-02-03,2023-02-03,Sexta-feira,345941.93
2023-02-04,2023-02-04,Sábado,135565.49
2023-02-05,2023-02-05,Domingo,326546.21
2023-02-06,2023-02-06,Segunda-feira,277993.4
2023-02-07,2023-02-07,Terça-feira,79901.76000000001
2023-02-08,2023-02-08,Quarta-feira,210520.27
2023-02-09,2023-02-09,Quinta-feira,221886.55000000002
2023-02-10,2023-02-10,Sexta-feira,284829.58
2023-02-11,2023-02-11,Sábado,226291.16
2023-02-12,2023-02-12,Domingo,87338.68
2023-02-13,2023-02-13,Segunda-feira,337054.56
2023-02-14,2023-02-14,Terça-feira,84609.9
2023-02-15,2023-02-15,Quarta-feira,263922.92
2023-02-16,2023-02-16,Quinta-feira,159066.83000000002
2023-02-17,2023-02-17,Sexta-feira,190493.08
2023-02-18,2023-02-18,Sábado,56901.96
2023-02-19,2023-02-19,Domingo,222735.15
2023-02-20,2023-02-20,Segunda-feira,454891.93
2023-02-21,2023-02-21,Terça-feira,316979.71
2023-02-22,2023-02-22,Quarta-feira,246961.5
2023-02-23,2023-02-23,Quinta-feira,233539.02
2023-02-24,2023-02-24,Sexta-feira,173483.5
2023-02-25,2023-02-25,Sábado,384337.53
2023-02-26,2023-02-26,Domingo,255607.56
2023-02-27,2023-02-27,Segunda-feira,256377.38
2023-02-28,2023-02-28,Terça-feira,358069.14
2023-03-01,2023-03-01,Quarta-feira,47164.92
2023-03-02,2023-03-02,Quinta-feira,145589.11
2023-03-03,2023-03-03,Sexta-feira,228944.19
2023-03-04,2023-03-04,Sábado,202632.39
2023-03-05,2023-03-05,Domingo,149965.11
2023-03-06,2023-03-06,Segunda-feira,163400.96
2023-03-07,2023-03-07,Terça-feira,207801.71
2023-03-08,2023-03-08,Quarta-feira,227960.91999999998
2023-03-09,2023-03-09,Quinta-feira,194495.35
2023-03-10,2023-03-10,Sexta-feira,327280.28
2023-03-11,2023-03-11,Sábado,161078.16
2023-03-12,2023-03-12,Domingo,364149.12
2023-03-13,2023-03-13,Segunda-feira,23217.43
2023-03-14,2023-03-14,Terça-feira,158437.38
2023-03-15,2023-03-15,Quarta-feira,201294.84999999998
2023-03-16,2023-03-16,Quinta-feira,781.99
2023-03-17,2023-03-17,Sexta-feira,166698.62
2023-03-18,2023-03-18,Sábado,63364.81
2023-03-19,2023-03-19,Domingo,245644.69
2023-03-20,2023-03-20,Segunda-feira,89280.33
2023-03-21,2023-03-21,Terça-feira,122798.54
2023-03-22,2023-03-22,Quarta-feira,190943.46
2023-03-23,2023-03-23,Quinta-feira,164850.26
2023-03-24,2023-03-24,Sexta-feira,277514.22
2023-03-25,2023-03-25,Sábado,187197.34
2023-03-26,2023-03-26,Domingo,201469.12
2023-03-27,2023-03-27,Segunda-feira,63695.7
2023-03-28,2023-03-28,Terça-feira,243503.14
2023-03-29,2023-03-29,Quarta-feira,56653.479999999996
2023-03-30,2023-03-30,Quinta-feira,168924.28
2023-03-31,2023-03-31,Sexta-feira,176946.16
2023-04-01,2023-04-01,Sábado,223724.44
2023-04-02,2023-04-02,Domingo,215488.79
2023-04-03,2023-04-03,Segunda-feira,269676.48
2023-04-04,2023-04-04,Terça-feira,295771.54
2023-04-05,2023-04-05,Quarta-feira,89902.49
2023-04-06,2023-04-06,Quinta-feira,28825.75
2023-04-07,2023-04-07,Sexta-feira,35283.49
2023-04-08,2023-04-08,Sábado,61610.990000000005
2023-04-09,2023-04-09,Domingo,125677.53
2023-04-10,2023-04-10,Segunda-feira,50671.26
2023-04-11,2023-04-11,Terça-feira,251406.4
2023-04-12,2023-04-12,Quarta-feira,42443.99
2023-04-13,2023-04-13,Quinta-feira,215505.57
2023-04-14,2023-04-14,Sexta-feira,82299.79000000001
2023-04-15,2023-04-15,Sábado,253530.17
2023-04-16,2023-04-16,Domingo,107046.09
2023-04-17,2023-04-17,Segunda-feira,296656.92
2023-04-18,2023-04-18,Terça-feira,151075.67
2023-04-19,2023-04-19,Quarta-feira,149559.55
2023-04-20,2023-04-20,Quinta-feira,272410.41
2023-04-21,2023-04-21,Sexta-feira,77050.81999999999
2023-04-22,2023-04-22,Sábado,165482.88
2023-04-23,2023-04-23,Domingo,117987.52
2023-04-24,2023-04-24,Segunda-feira,1541.46
2023-04-25,2023-04-25,Terça-feira,194494.1
2023-04-26,2023-04-26,Quarta-feira,221519.59
2023-04-27,2023-04-27,Quinta-feira,239153.71
2023-04-28,2023-04-28,Sexta-feira,184497.95
2023-04-29,2023-04-29,Sábado,157397.27
2023-04-30,2023-04-30,Domingo,109669.88
2023-05-01,2023-05-01,Segunda-feira,134756.52000000002
2023-05-02,2023-05-02,Terça-feira,147236.43
2023-05-03,2023-05-03,Quarta-feira,114631.64
2023-05-04,2023-05-04,Quinta-feira,130034.66
2023-05-05,2023-05-05,Sexta-feira,57096.61
2023-05-06,2023-05-06,Sábado,0.0
2023-05-07,2023-05-07,Domingo,56137.73
2023-05-08,2023-05-08,Segunda-feira,92899.26999999999
2023-05-09,2023-05-09,Terça-feira,0.0
2023-05-10,2023-05-10,Quarta-feira,105787.76999999999
2023-05-11,2023-05-11,Quinta-feira,74819.64
2023-05-12,2023-05-12,Sexta-feira,147459.69999999998
2023-05-13,2023-05-13,Sábado,201982.85
2023-05-14,2023-05-14,Domingo,72605.75
2023-05-15,2023-05-15,Segunda-feira,70153.61
2023-05-16,2023-05-16,Terça-feira,19297.870000000003
2023-05-17,2023-05-17,Quarta-feira,166966.11
2023-05-18,2023-05-18,Quinta-feira,165577.54
2023-05-19,2023-05-19,Sexta-feira,83741.01
2023-05-20,2023-05-20,Sábado,161427.01
2023-05-21,2023-05-21,Domingo,124656.93
2023-05-22,2023-05-22,Segunda-feira,107974.57
2023-05-23,2023-05-23,Terça-feira,86817.97
2023-05-24,2023-05-24,Quarta-feira,49820.03
2023-05-25,2023-05-25,Quinta-feira,63008.63
2023-05-26,2023-05-26,Sexta-feira,167761.68
2023-05-27,2023-05-27,Sábado,126710.01999999999
2023-05-28,2023-05-28,Domingo,53131.36
2023-05-29,2023-05-29,Segunda-feira,60202.78
2023-05-30,2023-05-30,Terça-feira,54707.729999999996
2023-05-31,2023-05-31,Quarta-feira,41400.590000000004
2023-06-01,2023-06-01,Quinta-feira,0.0
2023-06-02,2023-06-02,Sexta-feira,95835.7
2023-06-03,2023-06-03,Sábado,0.0
2023-06-04,2023-06-04,Domingo,128691.51000000001
2023-06-05,2023-06-05,Segunda-feira,175609.97
2023-06-06,2023-06-06,Terça-feira,12264.18
2023-06-07,2023-06-07,Quarta-feira,152046.57
2023-06-08,2023-06-08,Quinta-feira,59299.61
2023-06-09,2023-06-09,Sexta-feira,24676.06
2023-06-10,2023-06-10,Sábado,26943.59
2023-06-11,2023-06-11,Domingo,0.0
2023-06-12,2023-06-12,Segunda-feira,65788.39
2023-06-13,2023-06-13,Terça-feira,133763.72
2023-06-14,2023-06-14,Quarta-feira,46350.83
2023-06-15,2023-06-15,Quinta-feira,199925.45
2023-06-16,2023-06-16,Sexta-feira,266241.24
2023-06-17,2023-06-17,Sábado,41422.69
2023-06-18,2023-06-18,Domingo,28667.559999999998
2023-06-19,2023-06-19,Segunda-feira,89512.57
2023-06-20,2023-06-20,Terça-feira,32286.3
2023-06-21,2023-06-21,Quarta-feira,90198.92
2023-06-22,2023-06-22,Quinta-feira,96129.43
2023-06-23,2023-06-23,Sexta-feira,89689.13
2023-06-24,2023-06-24,Sábado,72431.89
2023-06-25,2023-06-25,Domingo,59035.17
2023-06-26,2023-06-26,Segunda-feira,106492.47
2023-06-27,2023-06-27,Terça-feira,64726.05
2023-06-28,2023-06-28,Quarta-feira,291438.86
2023-06-29,2023-06-29,Quinta-feira,9011.8
2023-06-30,2023-06-30,Sexta-feira,132376.13
2023-07-01,2023-07-01,Sábado,1258.23
2023-07-02,2023-07-02,Domingo,70528.68
2023-07-03,2023-07-03,Segunda-feira,12876.43
2023-07-04,2023-07-04,Terça-feira,66910.13
2023-07-05,2023-07-05,Quarta-feira,139107.71
2023-07-06,2023-07-06,Quinta-feira,0.0
2023-07-07,2023-07-07,Sexta-feira,46985.310000000005
2023-07-08,2023-07-08,Sábado,38721.69
2023-07-09,2023-07-09,Domingo,89693.02
2023-07-10,2023-07-10,Segunda-feira,29246.440000000002
2023-07-11,2023-07-11,Terça-feira,116412.52
2023-07-12,2023-07-12,Quarta-feira,27841.38
2023-07-13,2023-07-13,Quinta-feira,0.0
2023-07-14,2023-07-14,Sexta-feira,243017.58
2023-07-15,2023-07-15,Sábado,0.0
2023-07-16,2023-07-16,Domingo,46742.84
2023-07-17,2023-07-17,Segunda-feira,62979.23
2023-07-18,2023-07-18,Terça-feira,0.0
2023-07-19,2023-07-19,Quarta-feira,134379.58000000002
2023-07-20,2023-07-20,Quinta-feira,80962.12
2023-07-21,2023-07-21,Sexta-feira,163216.13999999998
2023-07-22,2023-07-22,Sábado,34509.17
2023-07-23,2023-07-23,Domingo,84525.39000000001
2023-07-24,2023-07-24,Segunda-feira,62465.04
2023-07-25,2023-07-25,Terça-feira,104428.83
2023-07-26,2023-07-26,Quarta-feira,78513.88
2023-07-27,2023-07-27,Quinta-feira,61778.02
2023-07-28,2023-07-28,Sexta-feira,144882.50999999998
2023-07-29,2023-07-29,Sábado,71839.69
2023-07-30,2023-07-30,Domingo,118290.9
2023-07-31,2023-07-31,Segunda-feira,93668.75
2023-08-01,2023-08-01,Terça-feira,147820.03999999998
2023-08-02,2023-08-02,Quarta-feira,47919.06
2023-08-03,2023-08-03,Quinta-feira,0.0
2023-08-04,2023-08-04,Sexta-feira,30991.829999999998
2023-08-05,2023-08-05,Sábado,51801.75
2023-08-06,2023-08-06,Domingo,73766.34
2023-08-07,2023-08-07,Segunda-feira,66081.42
2023-08-08,2023-08-08,Terça-feira,23404.24
2023-08-09,2023-08-09,Quarta-feira,56595.89
2023-08-10,2023-08-10,Quinta-feira,61885.9
2023-08-11,2023-08-11,Sexta-feira,42611.74
2023-08-12,2023-08-12,Sábado,95512.20999999999
2023-08-13,2023-08-13,Domingo,112525.73000000001
2023-08-14,2023-08-14,Segunda-feira,100618.87
2023-08-15,2023-08-15,Terça-feira,17566.87
2023-08-16,2023-08-16,Quarta-feira,85001.95
2023-08-17,2023-08-17,Quinta-feira,33172.26
2023-08-18,2023-08-18,Sexta-feira,80375.37
2023-08-19,2023-08-19,Sábado,28123.51
2023-08-20,2023-08-20,Domingo,51178.020000000004
2023-08-21,2023-08-21,Segunda-feira,162095.18
2023-08-22,2023-08-22,Terça-feira,196037.76
2023-08-23,2023-08-23,Quarta-feira,23523.65
2023-08-24,2023-08-24,Quinta-feira,56728.990000000005
2023-08-25,2023-08-25,Sexta-feira,28687.82
2023-08-26,2023-08-26,Sábado,89576.95999999999
2023-08-27,2023-08-27,Domingo,11568.829999999998
2023-08-28,2023-08-28,Segunda-feira,109364.89
2023-08-29,2023-08-29,Terça-feira,96664.37
2023-08-30,2023-08-30,Quarta-feira,41730.17
2023-08-31,2023-08-31,Quinta-feira,75579.75
2023-09-01,2023-09-01,Sexta-feira,192034.46
2023-09-02,2023-09-02,Sábado,56711.11
2023-09-03,2023-09-03,Domingo,144774.88999999998
2023-09-04,2023-09-04,Segunda-feira,38308.5
2023-09-05,2023-09-05,Terça-feira,135675.86
2023-09-06,2023-09-06,Quarta-feira,94151.06
2023-09-07,2023-09-07,Quinta-feira,226731.81
2023-09-08,2023-09-08,Sexta-feira,184352.83000000002
2023-09-09,2023-09-09,Sábado,73709.27
2023-09-10,2023-09-10,Domingo,24145.39
2023-09-11,2023-09-11,Segunda-feira,211755.47999999998
2023-09-12,2023-09-12,Terça-feira,53320.28
2023-09-13,2023-09-13,Quarta-feira,297721.9
2023-09-14,2023-09-14,Quinta-feira,109463.63
2023-09-15,2023-09-15,Sexta-feira,144591.27000000002
2023-09-16,2023-09-16,Sábado,138879.61
2023-09-17,2023-09-17,Domingo,167157.24
2023-09-18,2023-09-18,Segunda-feira,244242.03
2023-09-19,2023-09-19,Terça-feira,60618.8
2023-09-20,2023-09-20,Quarta-feira,41924.1
2023-09-21,2023-09-21,Quinta-feira,18477.71
2023-09-22,2023-09-22,Sexta-feira,93628.32
2023-09-23,2023-09-23,Sábado,74623.83
2023-09-24,2023-09-24,Domingo,61584.82
2023-09-25,2023-09-25,Segunda-feira,0.0
2023-09-26,2023-09-26,Terça-feira,24392.8
2023-09-27,2023-09-27,Quarta-feira,124788.73999999999
2023-09-28,2023-09-28,Quinta-feira,131961.9
2023-09-29,2023-09-29,Sexta-feira,32613.45
2023-09-30,2023-09-30,Sábado,110009.45999999999
2023-10-01,2023-10-01,Domingo,174643.84
2023-10-02,2023-10-02,Segunda-feira,55286.380000000005
2023-10-03,2023-10-03,Terça-feira,151177.04
2023-10-04,2023-10-04,Quarta-feira,274595.98
2023-10-05,2023-10-05,Quinta-feira,183000.96
2023-10-06,2023-10-06,Sexta-feira,174255.8
2023-10-07,2023-10-07,Sábado,248885.51
2023-10-08,2023-10-08,Domingo,193693.64
2023-10-09,2023-10-09,Segunda-feira,134230.4
2023-10-10,2023-10-10,Terça-feira,102253.81
2023-10-11,2023-10-11,Quarta-feira,151934.78999999998
2023-10-12,2023-10-12,Quinta-feira,143863.1
2023-10-13,2023-10-13,Sexta-feira,119787.88
2023-10-14,2023-10-14,Sábado,137663.86
2023-10-15,2023-10-15,Domingo,143142.91
2023-10-16,2023-10-16,Segunda-feira,232190.28
2023-10-17,2023-10-17,Terça-feira,116423.42
2023-10-18,2023-10-18,Quarta-feira,246451.59
2023-10-19,2023-10-19,Quinta-feira,299997.85
2023-10-20,2023-10-20,Sexta-feira,192991.28
2023-10-21,2023-10-21,Sábado,172578.48
2023-10-22,2023-10-22,Domingo,184800.85
2023-10-23,2023-10-23,Segunda-feira,221640.79
2023-10-24,2023-10-24,Terça-feira,154533.86
2023-10-25,2023-10-25,Quarta-feira,107584.06
2023-10-26,2023-10-26,Quinta-feira,116311.31
2023-10-27,2023-10-27,Sexta-feira,154210.04
2023-10-28,2023-10-28,Sábado,299685.01
2023-10-29,2023-10-29,Domingo,108358.05
2023-10-30,2023-10-30,Segunda-feira,225578.78
2023-10-31,2023-10-31,Terça-feira,143177.78
2023-11-01,2023-11-01,Quarta-feira,87466.43
2023-11-02,2023-11-02,Quinta-feira,481744.64
2023-11-03,2023-11-03,Sexta-feira,123200.06
2023-11-04,2023-11-04,Sábado,33257.47
2023-11-05,2023-11-05,Domingo,235991.26
2023-11-06,2023-11-06,Segunda-feira,100598.06
2023-11-07,2023-11-07,Terça-feira,266212.9
2023-11-08,2023-11-08,Quarta-feira,158002.03
2023-11-09,2023-11-09,Quinta-feira,135666.03999999998
2023-11-10,2023-11-10,Sexta-feira,255426.55
2023-11-11,2023-11-11,Sábado,411875.17
2023-11-12,2023-11-12,Domingo,185582.3
2023-11-13,2023-11-13,Segunda-feira,294860.79
2023-11-14,2023-11-14,Terça-feira,228196.1
2023-11-15,2023-11-15,Quarta-feira,118195.16
2023-11-16,2023-11-16,Quinta-feira,154835.91
2023-11-17,2023-11-17,Sexta-feira,195660.52000000002
2023-11-18,2023-11-18,Sábado,190970.93
2023-11-19,2023-11-19,Domingo,217574.4
2023-11-20,2023-11-20,Segunda-feira,229865.04
2023-11-21,2023-11-21,Terça-feira,175974.44
2023-11-22,2023-11-22,Quarta-feira,321799.81
2023-11-23,2023-11-23,Quinta-feira,157494.51
2023-11-24,2023-11-24,Sexta-feira,184086.65000000002
2023-11-25,2023-11-25,Sábado,327477.95
2023-11-26,2023-11-26,Domingo,189007.01
2023-11-27,2023-11-27,Segunda-feira,251610.33
2023-11-28,2023-11-28,Terça-feira,85909.26
2023-11-29,2023-11-29,Quarta-feira,136890.76
2023-11-30,2023-11-30,Quinta-feira,87040.67
2023-12-01,2023-12-01,Sexta-feira,164690.51
2023-12-02,2023-12-02,Sábado,377887.5
2023-12-03,2023-12-03,Domingo,376408.62
2023-12-04,2023-12-04,Segunda-feira,202935.57
2023-12-05,2023-12-05,Terça-feira,171526.36
2023-12-06,2023-12-06,Quarta-feira,232479.06
2023-12-07,2023-12-07,Quinta-feira,192489.26
2023-12-08,2023-12-08,Sexta-feira,246755.57
2023-12-09,2023-12-09,Sábado,120898.09
2023-12-10,2023-12-10,Domingo,290864.08
2023-12-11,2023-12-11,Segunda-feira,268866.97
2023-12-12,2023-12-12,Terça-feira,266165.45
2023-12-13,2023-12-13,Quarta-feira,239934.54
2023-12-14,2023-12-14,Quinta-feira,380800.46
2023-12-15,2023-12-15,Sexta-feira,181846.86000000002
2023-12-16,2023-12-16,Sábado,223596.72
2023-12-17,2023-12-17,Domingo,232586.61
2023-12-18,2023-12-18,Segunda-feira,204115.8
2023-12-19,2023-12-19,Terça-feira,205427.38
2023-12-20,2023-12-20,Quarta-feira,252083.86
2023-12-21,2023-12-21,Quinta-feira,387936.45
2023-12-22,2023-12-22,Sexta-feira,212786.61000000002
2023-12-23,2023-12-23,Sábado,165384.66999999998
2023-12-24,2023-12-24,Domingo,228653.2
2023-12-25,2023-12-25,Segunda-feira,276370.99
2023-12-26,2023-12-26,Terça-feira,223265.35
2023-12-27,2023-12-27,Quarta-feira,272877.29
2023-12-28,2023-12-28,Quinta-feira,308152.85
2023-12-29,2023-12-29,Sexta-feira,242182.85
2023-12-30,2023-12-30,Sábado,125311.19
2023-12-31,2023-12-31,Domingo,180673.61
2024-01-01,2024-01-01,Segunda-feira,358668.5
2024-01-02,2024-01-02,Terça-feira,185046.15
2024-01-03,2024-01-03,Quarta-feira,680900.69
2024-01-04,2024-01-04,Quinta-feira,228369.76
2024-01-05,2024-01-05,Sexta-feira,200421.38999999998
2024-01-06,2024-01-06,Sábado,360559.07
2024-01-07,2024-01-07,Domingo,266962.61
2024-01-08,2024-01-08,Segunda-feira,276479.45
2024-01-09,2024-01-09,Terça-feira,375425.39
2024-01-10,2024-01-10,Quarta-feira,305307.63
2024-01-11,2024-01-11,Quinta-feira,301734.66
2024-01-12,2024-01-12,Sexta-feira,292908.47000000003
2024-01-13,2024-01-13,Sábado,355694.02
2024-01-14,2024-01-14,Domingo,285974.78
2024-01-15,2024-01-15,Segunda-feira,210977.07
2024-01-16,2024-01-16,Terça-feira,391481.83999999997
2024-01-17,2024-01-17,Quarta-feira,149295.79
2024-01-18,2024-01-18,Quinta-feira,418920.91
2024-01-19,2024-01-19,Sexta-feira,426405.51
2024-01-20,2024-01-20,Sábado,312553.03
2024-01-21,2024-01-21,Domingo,266448.96
2024-01-22,2024-01-22,Segunda-feira,216122.26
2024-01-23,2024-01-23,Terça-feira,335834.58999999997
2024-01-24,2024-01-24,Quarta-feira,224320.72
2024-01-25,2024-01-25,Quinta-feira,134258.86
2024-01-26,2024-01-26,Sexta-feira,228900.44
2024-01-27,2024-01-27,Sábado,230325.91
2024-01-28,2024-01-28,Domingo,113895.22
2024-01-29,2024-01-29,Segunda-feira,226726.08000000002
2024-01-30,2024-01-30,Terça-feira,316256.38
2024-01-31,2024-01-31,Quarta-feira,471465.34
2024-02-01,2024-02-01,Quinta-feira,140288.41
2024-02-02,2024-02-02,Sexta-feira,298777.14
2024-02-03,2024-02-03,Sábado,166417.87
2024-02-04,2024-02-04,Domingo,240905.8
2024-02-05,2024-02-05,Segunda-feira,149593.74
2024-02-06,2024-02-06,Terça-feira,333229.20999999996
2024-02-07,2024-02-07,Quarta-feira,289032.32
2024-02-08,2024-02-08,Quinta-feira,225134.61000000002
2024-02-09,2024-02-09,Sexta-feira,248034.11
2024-02-10,2024-02-10,Sábado,232890.79
2024-02-11,2024-02-11,Domingo,191288.61000000002
2024-02-12,2024-02-12,Segunda-feira,300075.54
2024-02-13,2024-02-13,Terça-feira,55990.369999999995
2024-02-14,2024-02-14,Quarta-feira,391099.77
2024-02-15,2024-02-15,Quinta-feira,457278.45
2024-02-16,2024-02-16,Sexta-feira,135809.67
2024-02-17,2024-02-17,Sábado,389720.56
2024-02-18,2024-02-18,Domingo,323159.91
2024-02-19,2024-02-19,Segunda-feira,283538.71
2024-02-20,2024-02-20,Terça-feira,175817.34
2024-02-21,2024-02-21,Quarta-feira,550153.9
2024-02-22,2024-02-22,Quinta-feira,231606.15
2024-02-23,2024-02-23,Sexta-feira,238189.31
2024-02-24,2024-02-24,Sábado,400960.27
2024-02-25,2024-02-25,Domingo,159718.34
2024-02-26,2024-02-26,Segunda-feira,136817.07
2024-02-27,2024-02-27,Terça-feira,242058.92
2024-02-28,2024-02-28,Quarta-feira,261873.37
2024-02-29,2024-02-29,Quinta-feira,415088.51
2024-03-01,2024-03-01,Sexta-feira,196820.88999999998
2024-03-02,2024-03-02,Sábado,195708.61
2024-03-03,2024-03-03,Domingo,95320.47
2024-03-04,2024-03-04,Segunda-feira,389752.49
2024-03-05,2024-03-05,Terça-feira,143262.55
2024-03-06,2024-03-06,Quarta-feira,235048.68
2024-03-07,2024-03-07,Quinta-feira,199607.0
2024-03-08,2024-03-08,Sexta-feira,381104.82
2024-03-09,2024-03-09,Sábado,286322.66000000003
2024-03-10,2024-03-10,Domingo,340299.07
2024-03-11,2024-03-11,Segunda-feira,201893.46
2024-03-12,2024-03-12,Terça-feira,126568.94
2024-03-13,2024-03-13,Quarta-feira,160412.91999999998
2024-03-14,2024-03-14,Quinta-feira,290475.12
2024-03-15,2024-03-15,Sexta-feira,197187.18
2024-03-16,2024-03-16,Sábado,177350.22
2024-03-17,2024-03-17,Domingo,160478.22
2024-03-18,2024-03-18,Segunda-feira,241339.41
2024-03-19,2024-03-19,Terça-feira,156312.97999999998
2024-03-20,2024-03-20,Quarta-feira,134123.56
2024-03-21,2024-03-21,Quinta-feira,179218.67
2024-03-22,2024-03-22,Sexta-feira,395672.57
2024-03-23,2024-03-23,Sábado,189048.41999999998
2024-03-24,2024-03-24,Domingo,237458.34
2024-03-25,2024-03-25,Segunda-feira,347947.32
2024-03-26,2024-03-26,Terça-feira,259882.64
2024-03-27,2024-03-27,Quarta-feira,107179.81
2024-03-28,2024-03-28,Quinta-feira,75514.9
2024-03-29,2024-03-29,Sexta-feira,257110.75
2024-03-30,2024-03-30,Sábado,240873.46000000002
2024-03-31,2024-03-31,Domingo,147805.5
2024-04-01,2024-04-01,Segunda-feira,120551.32
2024-04-02,2024-04-02,Terça-feira,194043.29
2024-04-03,2024-04-03,Quarta-feira,209216.99999999997
2024-04-04,2024-04-04,Quinta-feira,151393.26
2024-04-05,2024-04-05,Sexta-feira,100961.45999999999
2024-04-06,2024-04-06,Sábado,299665.51
2024-04-07,2024-04-07,Domingo,196276.53
2024-04-08,2024-04-08,Segunda-feira,297163.12
2024-04-09,2024-04-09,Terça-feira,181324.48
2024-04-10,2024-04-10,Quarta-feira,62861.86
2024-04-11,2024-04-11,Quinta-feira,232403.38
2024-04-12,2024-04-12,Sexta-feira,96743.25
2024-04-13,2024-04-13,Sábado,174416.76
2024-04-14,2024-04-14,Domingo,202711.5
2024-04-15,2024-04-15,Segunda-feira,65389.880000000005
2024-04-16,2024-04-16,Terça-feira,198279.66
2024-04-17,2024-04-17,Quarta-feira,132138.4
2024-04-18,2024-04-18,Quinta-feira,205770.01
2024-04-19,2024-04-19,Sexta-feira,167760.18
2024-04-20,2024-04-20,Sábado,207756.77000000002
2024-04-21,2024-04-21,Domingo,196311.01
2024-04-22,2024-04-22,Segunda-feira,113147.73
2024-04-23,2024-04-23,Terça-feira,95956.2
2024-04-24,2024-04-24,Quarta-feira,89448.70000000001
2024-04-25,2024-04-25,Quinta-feira,77985.33
2024-04-26,2024-04-26,Sexta-feira,112615.83
2024-04-27,2024-04-27,Sábado,100264.4
2024-04-28,2024-04-28,Domingo,154815.14
2024-04-29,2024-04-29,Segunda-feira,244818.47
2024-04-30,2024-04-30,Terça-feira,157013.95
2024-05-01,2024-05-01,Quarta-feira,93076.5
2024-05-02,2024-05-02,Quinta-feira,181393.4
2024-05-03,2024-05-03,Sexta-feira,153032.65
2024-05-04,2024-05-04,Sábado,74723.95999999999
2024-05-05,2024-05-05,Domingo,162046.74
2024-05-06,2024-05-06,Segunda-feira,162980.05000000002
2024-05-07,2024-05-07,Terça-feira,145335.52
2024-05-08,2024-05-08,Quarta-feira,120296.46
2024-05-09,2024-05-09,Quinta-feira,69048.2
2024-05-10,2024-05-10,Sexta-feira,179524.4
2024-05-11,2024-05-11,Sábado,175904.58
2024-05-12,2024-05-12,Domingo,173410.91999999998
2024-05-13,2024-05-13,Segunda-feira,219821.08
2024-05-14,2024-05-14,Terça-feira,112717.29000000001
2024-05-15,2024-05-15,Quarta-feira,168466.09
2024-05-16,2024-05-16,Quinta-feira,128639.09000000001
2024-05-17,2024-05-17,Sexta-feira,143086.27
2024-05-18,2024-05-18,Sábado,217100.9
2024-05-19,2024-05-19,Domingo,130753.74
2024-05-20,2024-05-20,Segunda-feira,26493.1
2024-05-21,2024-05-21,Terça-feira,70501.31
2024-05-22,2024-05-22,Quarta-feira,43503.74
2024-05-23,2024-05-23,Quinta-feira,11435.49
2024-05-24,2024-05-24,Sexta-feira,97391.89
2024-05-25,2024-05-25,Sábado,66499.65
2024-05-26,2024-05-26,Domingo,218424.72
2024-05-27,2024-05-27,Segunda-feira,246549.04
2024-05-28,2024-05-28,Terça-feira,195706.0
2024-05-29,2024-05-29,Quarta-feira,96286.37
2024-05-30,2024-05-30,Quinta-feira,152115.93
2024-05-31,2024-05-31,Sexta-feira,334048.32999999996
2024-06-01,2024-06-01,Sábado,138918.44
2024-06-02,2024-06-02,Domingo,58918.49
2024-06-03,2024-06-03,Segunda-feira,82136.79000000001
2024-06-04,2024-06-04,Terça-feira,55988.06
2024-06-05,2024-06-05,Quarta-feira,198886.02
2024-06-06,2024-06-06,Quinta-feira,70764.91
2024-06-07,2024-06-07,Sexta-feira,0.0
2024-06-08,2024-06-08,Sábado,251122.76
2024-06-09,2024-06-09,Domingo,48970.69
2024-06-10,2024-06-10,Segunda-feira,79443.24
2024-06-11,2024-06-11,Terça-feira,62294.44
2024-06-12,2024-06-12,Quarta-feira,82518.45999999999
2024-06-13,2024-06-13,Quinta-feira,157771.06
2024-06-14,2024-06-14,Sexta-feira,239360.1
2024-06-15,2024-06-15,Sábado,61677.170000000006
2024-06-16,2024-06-16,Domingo,98366.39
2024-06-17,2024-06-17,Segunda-feira,15799.43
2024-06-18,2024-06-18,Terça-feira,143063.1
2024-06-19,2024-06-19,Quarta-feira,58735.45
2024-06-20,2024-06-20,Quinta-feira,29551.67
2024-06-21,2024-06-21,Sexta-feira,64254.66
2024-06-22,2024-06-22,Sábado,153766.91999999998
2024-06-23,2024-06-23,Domingo,0.0
2024-06-24,2024-06-24,Segunda-feira,180231.01
2024-06-25,2024-06-25,Terça-feira,54049.82
2024-06-26,2024-06-26,Quarta-feira,132311.8
2024-06-27,2024-06-27,Quinta-feira,22325.05
2024-06-28,2024-06-28,Sexta-feira,25983.86
2024-06-29,2024-06-29,Sábado,31880.579999999998
2024-06-30,2024-06-30,Domingo,76620.96
2024-07-01,2024-07-01,Segunda-feira,35258.020000000004
2024-07-02,2024-07-02,Terça-feira,59047.25
2024-07-03,2024-07-03,Quarta-feira,160325.5
2024-07-04,2024-07-04,Quinta-feira,38354.259999999995
2024-07-05,2024-07-05,Sexta-feira,56856.5
2024-07-06,2024-07-06,Sábado,72276.76000000001
2024-07-07,2024-07-07,Domingo,0.0
2024-07-08,2024-07-08,Segunda-feira,66921.18
2024-07-09,2024-07-09,Terça-feira,136070.48
2024-07-10,2024-07-10,Quarta-feira,95532.56
2024-07-11,2024-07-11,Quinta-feira,134183.36000000002
2024-07-12,2024-07-12,Sexta-feira,114726.25
2024-07-13,2024-07-13,Sábado,49153.73
2024-07-14,2024-07-14,Domingo,60079.71
2024-07-15,2024-07-15,Segunda-feira,43262.24
2024-07-16,2024-07-16,Terça-feira,23179.57
2024-07-17,2024-07-17,Quarta-feira,47697.39
2024-07-18,2024-07-18,Quinta-feira,66035.43
2024-07-19,2024-07-19,Sexta-feira,117624.43
2024-07-20,2024-07-20,Sábado,88700.53
2024-07-21,2024-07-21,Domingo,92182.54000000001
2024-07-22,2024-07-22,Segunda-feira,51163.05
2024-07-23,2024-07-23,Terça-feira,10954.32
2024-07-24,2024-07-24,Quarta-feira,156113.05
2024-07-25,2024-07-25,Quinta-feira,28940.210000000003
2024-07-26,2024-07-26,Sexta-feira,0.0
2024-07-27,2024-07-27,Sábado,79191.51000000001
2024-07-28,2024-07-28,Domingo,20622.92
2024-07-29,2024-07-29,Segunda-feira,11069.78
2024-07-30,2024-07-30,Terça-feira,64813.53
2024-07-31,2024-07-31,Quarta-feira,32836.34
2024-08-01,2024-08-01,Quinta-feira,140879.56
2024-08-02,2024-08-02,Sexta-feira,81167.98000000001
2024-08-03,2024-08-03,Sábado,92723.68
2024-08-04,2024-08-04,Domingo,102760.81
2024-08-05,2024-08-05,Segunda-feira,240907.05
2024-08-06,2024-08-06,Terça-feira,36076.34
2024-08-07,2024-08-07,Quarta-feira,17250.59
2024-08-08,2024-08-08,Quinta-feira,135114.02000000002
2024-08-09,2024-08-09,Sexta-feira,9098.1
2024-08-10,2024-08-10,Sábado,59043.479999999996
2024-08-11,2024-08-11,Domingo,74232.23
2024-08-12,2024-08-12,Segunda-feira,147505.03
2024-08-13,2024-08-13,Terça-feira,37048.56
2024-08-14,2024-08-14,Quarta-feira,144562.03
2024-08-15,2024-08-15,Quinta-feira,59022.91
2024-08-16,2024-08-16,Sexta-feira,66742.9
2024-08-17,2024-08-17,Sábado,172373.28
2024-08-18,2024-08-18,Domingo,29782.57
2024-08-19,2024-08-19,Segunda-feira,64237.63
2024-08-20,2024-08-20,Terça-feira,48293.14
2024-08-21,2024-08-21,Quarta-feira,143239.44999999998
2024-08-22,2024-08-22,Quinta-feira,90455.63
2024-08-23,2024-08-23,Sexta-feira,44286.340000000004
2024-08-24,2024-08-24,Sábado,19156.0
2024-08-25,2024-08-25,Domingo,146186.40000000002
2024-08-26,2024-08-26,Segunda-feira,0.0
2024-08-27,2024-08-27,Terça-feira,46354.74
2024-08-28,2024-08-28,Quarta-feira,47088.28
2024-08-29,2024-08-29,Quinta-feira,66540.9
2024-08-30,2024-08-30,Sexta-feira,70309.93
2024-08-31,2024-08-31,Sábado,9118.38
2024-09-01,2024-09-01,Domingo,109844.42
2024-09-02,2024-09-02,Segunda-feira,101676.82999999999
2024-09-03,2024-09-03,Terça-feira,139876.25999999998
2024-09-04,2024-09-04,Quarta-feira,78972.36
2024-09-05,2024-09-05,Quinta-feira,114979.49
2024-09-06,2024-09-06,Sexta-feira,71251.29999999999
2024-09-07,2024-09-07,Sábado,49793.75
2024-09-08,2024-09-08,Domingo,101721.13
2024-09-09,2024-09-09,Segunda-feira,134617.02
2024-09-10,2024-09-10,Terça-feira,13472.91
2024-09-11,2024-09-11,Quarta-feira,328076.16
2024-09-12,2024-09-12,Quinta-feira,153481.66999999998
2024-09-13,2024-09-13,Sexta-feira,124573.85
2024-09-14,2024-09-14,Sábado,26552.21
2024-09-15,2024-09-15,Domingo,0.0
2024-09-16,2024-09-16,Segunda-feira,87228.31
2024-09-17,2024-09-17,Terça-feira,189647.35
2024-09-18,2024-09-18,Quarta-feira,177135.07
2024-09-19,2024-09-19,Quinta-feira,140477.31
2024-09-20,2024-09-20,Sexta-feira,49887.630000000005
2024-09-21,2024-09-21,Sábado,173730.71
2024-09-22,2024-09-22,Domingo,199167.83000000002
2024-09-23,2024-09-23,Segunda-feira,74258.28
2024-09-24,2024-09-24,Terça-feira,22832.81
2024-09-25,2024-09-25,Quarta-feira,187689.53
2024-09-26,2024-09-26,Quinta-feira,104495.6
2024-09-27,2024-09-27,Sexta-feira,101808.16
2024-09-28,2024-09-28,Sábado,37510.58
2024-09-29,2024-09-29,Domingo,42432.89
2024-09-30,2024-09-30,Segunda-feira,65256.990000000005
2024-10-01,2024-10-01,Terça-feira,118264.01999999999
2024-10-02,2024-10-02,Quarta-feira,224738.97999999998
2024-10-03,2024-10-03,Quinta-feira,67942.0
2024-10-04,2024-10-04,Sexta-feira,89521.33
2024-10-05,2024-10-05,Sábado,98898.9
2024-10-06,2024-10-06,Domingo,180784.91999999998
2024-10-07,2024-10-07,Segunda-feira,113637.58
2024-10-08,2024-10-08,Terça-feira,483114.36
2024-10-09,2024-10-09,Quarta-feira,188309.0
2024-10-10,2024-10-10,Quinta-feira,339290.22
2024-10-11,2024-10-11,Sexta-feira,241086.41
2024-10-12,2024-10-12,Sábado,202067.53
2024-10-13,2024-10-13,Domingo,86113.88
2024-10-14,2024-10-14,Segunda-feira,220274.84
2024-10-15,2024-10-15,Terça-feira,221050.58
2024-10-16,2024-10-16,Quarta-feira,160489.47
2024-10-17,2024-10-17,Quinta-feira,253483.07
2024-10-18,2024-10-18,Sexta-feira,278406.02
2024-10-19,2024-10-19,Sábado,259202.49
2024-10-20,2024-10-20,Domingo,146153.06
2024-10-21,2024-10-21,Segunda-feira,262945.58
2024-10-22,2024-10-22,Terça-feira,14720.53
2024-10-23,2024-10-23,Quarta-feira,267007.12
2024-10-24,2024-10-24,Quinta-feira,213739.43
2024-10-25,2024-10-25,Sexta-feira,229249.91
2024-10-26,2024-10-26,Sábado,105961.41
2024-10-27,2024-10-27,Domingo,253987.36
2024-10-28,2024-10-28,Segunda-feira,299692.75
2024-10-29,2024-10-29,Terça-feira,109795.78
2024-10-30,2024-10-30,Quarta-feira,210825.08000000002
2024-10-31,2024-10-31,Quinta-feira,232531.23
2024-11-01,2024-11-01,Sexta-feira,380836.11
2024-11-02,2024-11-02,Sábado,215351.57
2024-11-03,2024-11-03,Domingo,360628.06
2024-11-04,2024-11-04,Segunda-feira,77156.36
2024-11-05,2024-11-05,Terça-feira,215705.81
2024-11-06,2024-11-06,Quarta-feira,343024.94
2024-11-07,2024-11-07,Quinta-feira,244963.14
2024-11-08,2024-11-08,Sexta-feira,298935.3
2024-11-09,2024-11-09,Sábado,71098.68
2024-11-10,2024-11-10,Domingo,299976.85
2024-11-11,2024-11-11,Segunda-feira,312248.48
2024-11-12,2024-11-12,Terça-feira,80334.0
2024-11-13,2024-11-13,Quarta-feira,160513.97
2024-11-14,2024-11-14,Quinta-feira,286412.94
2024-11-15,2024-11-15,Sexta-feira,235925.25
2024-11-16,2024-11-16,Sábado,171337.26
2024-11-17,2024-11-17,Domingo,255730.69
2024-11-18,2024-11-18,Segunda-feira,176291.3
2024-11-19,2024-11-19,Terça-feira,210268.02000000002
2024-11-20,2024-11-20,Quarta-feira,333781.43
2024-11-21,2024-11-21,Quinta-feira,271016.33999999997
2024-11-22,2024-11-22,Sexta-feira,212397.35
2024-11-23,2024-11-23,Sábado,423046.4
2024-11-24,2024-11-24,Domingo,271798.41
2024-11-25,2024-11-25,Segunda-feira,110362.85
2024-11-26,2024-11-26,Terça-feira,280283.33
2024-11-27,2024-11-27,Quarta-feira,249473.65
2024-11-28,2024-11-28,Quinta-feira,307541.13
2024-11-29,2024-11-29,Sexta-feira,307906.66000000003
2024-11-30,2024-11-30,Sábado,139761.54
2024-12-01,2024-12-01,Domingo,237302.46
2024-12-02,2024-12-02,Segunda-feira,382732.58
2024-12-03,2024-12-03,Terça-feira,188476.44
2024-12-04,2024-12-04,Quarta-feira,255992.66999999998
2024-12-05,2024-12-05,Quinta-feira,454852.41000000003
2024-12-06,2024-12-06,Sexta-feira,232230.15000000002
2024-12-07,2024-12-07,Sábado,290695.26
2024-12-08,2024-12-08,Domingo,413073.32999999996
2024-12-09,2024-12-09,Segunda-feira,150346.21
2024-12-10,2024-12-10,Terça-feira,128059.62
2024-12-11,2024-12-11,Quarta-feira,315115.68
2024-12-12,2024-12-12,Quinta-feira,121673.16
2024-12-13,2024-12-13,Sexta-feira,317385.01
2024-12-14,2024-12-14,Sábado,332886.54
2024-12-15,2024-12-15,Domingo,216977.22999999998
2024-12-16,2024-12-16,Segunda-feira,180350.63
2024-12-17,2024-12-17,Terça-feira,313334.0
2024-12-18,2024-12-18,Quarta-feira,302720.78
2024-12-19,2024-12-19,Quinta-feira,126576.57
2024-12-20,2024-12-20,Sexta-feira,290856.16
2024-12-21,2024-12-21,Sábado,299222.99
2024-12-22,2024-12-22,Domingo,166062.21
2024-12-23,2024-12-23,Segunda-feira,255589.99
2024-12-24,2024-12-24,Terça-feira,153299.59
2024-12-25,2024-12-25,Quarta-feira,304556.82
2024-12-26,2024-12-26,Quinta-feira,282821.27999999997
2024-12-27,2024-12-27,Sexta-feira,204227.53
2024-12-28,2024-12-28,Sábado,483413.88
2024-12-29,2024-12-29,Domingo,256468.22999999998
2024-12-30,2024-12-30,Segunda-feira,463385.99
2024-12-31,2024-12-31,Terça-feira,145096.71
2025-01-01,2025-01-01,Quarta-feira,384554.91
2025-01-02,2025-01-02,Quinta-feira,138563.74
2025-01-03,2025-01-03,Sexta-feira,286504.93
2025-01-04,2025-01-04,Sábado,293332.38
2025-01-05,2025-01-05,Domingo,317749.44
2025-01-06,2025-01-06,Segunda-feira,227498.25
2025-01-07,2025-01-07,Terça-feira,181203.72999999998
2025-01-08,2025-01-08,Quarta-feira,488704.76
2025-01-09,2025-01-09,Quinta-feira,242898.47
2025-01-10,2025-01-10,Sexta-feira,460848.14
2025-01-11,2025-01-11,Sábado,313881.63
2025-01-12,2025-01-12,Domingo,223922.54
2025-01-13,2025-01-13,Segunda-feira,315965.75
2025-01-14,2025-01-14,Terça-feira,505282.04000000004
2025-01-15,2025-01-15,Quarta-feira,332345.84
2025-01-16,2025-01-16,Quinta-feira,374632.04
2025-01-17,2025-01-17,Sexta-feira,338271.93
2025-01-18,2025-01-18,Sábado,261635.49
2025-01-19,2025-01-19,Domingo,328841.81
2025-01-20,2025-01-20,Segunda-feira,272486.46
2025-01-21,2025-01-21,Terça-feira,366557.68
2025-01-22,2025-01-22,Quarta-feira,262299.17
2025-01-23,2025-01-23,Quinta-feira,388996.11
2025-01-24,2025-01-24,Sexta-feira,431543.69
2025-01-25,2025-01-25,Sábado,369956.15
2025-01-26,2025-01-26,Domingo,411058.08999999997
2025-01-27,2025-01-27,Segunda-feira,222316.89
2025-01-28,2025-01-28,Terça-feira,309680.44
2025-01-29,2025-01-29,Quarta-feira,422953.82
2025-01-30,2025-01-30,Quinta-feira,287454.7
2025-01-31,2025-01-31,Sexta-feira,265235.02999999997
2025-02-01,2025-02-01,Sábado,264327.18
2025-02-02,2025-02-02,Domingo,358667.4
2025-02-03,2025-02-03,Segunda-feira,250473.9
2025-02-04,2025-02-04,Terça-feira,415869.10000000003
2025-02-05,2025-02-05,Quarta-feira,157494.42
2025-02-06,2025-02-06,Quinta-feira,468965.83999999997
2025-02-07,2025-02-07,Sexta-feira,171890.02
2025-02-08,2025-02-08,Sábado,206217.73
2025-02-09,2025-02-09,Domingo,195616.57
2025-02-10,2025-02-10,Segunda-feira,157898.31
2025-02-11,2025-02-11,Terça-feira,314424.94
2025-02-12,2025-02-12,Quarta-feira,268010.49
2025-02-13,2025-02-13,Quinta-feira,316089.25
2025-02-14,2025-02-14,Sexta-feira,317291.43
2025-02-15,2025-02-15,Sábado,394794.72
2025-02-16,2025-02-16,Domingo,289362.38
2025-02-17,2025-02-17,Segunda-feira,312726.11
2025-02-18,2025-02-18,Terça-feira,233408.25
2025-02-19,2025-02-19,Quarta-feira,420728.66
2025-02-20,2025-02-20,Quinta-feira,412456.81
2025-02-21,2025-02-21,Sexta-feira,294507.18
2025-02-22,2025-02-22,Sábado,434648.23
2025-02-23,2025-02-23,Domingo,399197.72000000003
2025-02-24,2025-02-24,Segunda-feira,443322.10000000003
2025-02-25,2025-02-25,Terça-feira,301524.57
2025-02-26,2025-02-26,Quarta-feira,425452.01
2025-02-27,2025-02-27,Quinta-feira,178213.02
2025-02-28,2025-02-28,Sexta-feira,351602.21
2025-03-01,2025-03-01,Sábado,284502.39
2025-03-02,2025-03-02,Domingo,499773.64
2025-03-03,2025-03-03,Segunda-feira,320623.4
2025-03-04,2025-03-04,Terça-feira,234784.33
2025-03-05,2025-03-05,Quarta-feira,254387.29
2025-03-06,2025-03-06,Quinta-feira,188767.18
2025-03-07,2025-03-07,Sexta-feira,178911.67
2025-03-08,2025-03-08,Sábado,527066.91
2025-03-09,2025-03-09,Domingo,331904.44
2025-03-10,2025-03-10,Segunda-feira,72320.24
2025-03-11,2025-03-11,Terça-feira,607227.65
2025-03-12,2025-03-12,Quarta-feira,228874.95
2025-03-13,2025-03-13,Quinta-feira,474976.35
2025-03-14,2025-03-14,Sexta-feira,245022.6
2025-03-15,2025-03-15,Sábado,256103.44
2025-03-16,2025-03-16,Domingo,365261.35000000003
2025-03-17,2025-03-17,Segunda-feira,450321.21
2025-03-18,2025-03-18,Terça-feira,186562.62
2025-03-19,2025-03-19,Quarta-feira,369803.56
2025-03-20,2025-03-20,Quinta-feira,353517.02
2025-03-21,2025-03-21,Sexta-feira,382985.73
2025-03-22,2025-03-22,Sábado,227532.63
2025-03-23,2025-03-23,Domingo,201710.96
2025-03-24,2025-03-24,Segunda-feira,452985.88
2025-03-25,2025-03-25,Terça-feira,174900.94
2025-03-26,2025-03-26,Quarta-feira,237298.52
2025-03-27,2025-03-27,Quinta-feira,467203.07
2025-03-28,2025-03-28,Sexta-feira,210093.8
2025-03-29,2025-03-29,Sábado,168064.63
2025-03-30,2025-03-30,Domingo,486803.55
2025-03-31,2025-03-31,Segunda-feira,317327.95
2025-04-01,2025-04-01,Terça-feira,276281.29
2025-04-02,2025-04-02,Quarta-feira,221457.16999999998
2025-04-03,2025-04-03,Quinta-feira,183207.09
2025-04-04,2025-04-04,Sexta-feira,271806.22
2025-04-05,2025-04-05,Sábado,210307.77000000002
2025-04-06,2025-04-06,Domingo,253159.52
2025-04-07,2025-04-07,Segunda-feira,376079.32
2025-04-08,2025-04-08,Terça-feira,356356.29
2025-04-09,2025-04-09,Quarta-feira,201698.6
2025-04-10,2025-04-10,Quinta-feira,310539.48
2025-04-11,2025-04-11,Sexta-feira,218199.88
2025-04-12,2025-04-12,Sábado,59845.469999999994
2025-04-13,2025-04-13,Domingo,182421.56
2025-04-14,2025-04-14,Segunda-feira,329818.45
2025-04-15,2025-04-15,Terça-feira,312090.41
2025-04-16,2025-04-16,Quarta-feira,176260.03
2025-04-17,2025-04-17,Quinta-feira,164344.37
2025-04-18,2025-04-18,Sexta-feira,252635.27
2025-04-19,2025-04-19,Sábado,406340.27
2025-04-20,2025-04-20,Domingo,124233.09
2025-04-21,2025-04-21,Segunda-feira,457974.5
2025-04-22,2025-04-22,Terça-feira,221357.42
2025-04-23,2025-04-23,Quarta-feira,415527.69
2025-04-24,2025-04-24,Quinta-feira,284842.12
2025-04-25,2025-04-25,Sexta-feira,85518.52
2025-04-26,2025-04-26,Sábado,120741.51
2025-04-27,2025-04-27,Domingo,205363.41
2025-04-28,2025-04-28,Segunda-feira,158468.48
2025-04-29,2025-04-29,Terça-feira,316752.46
2025-04-30,2025-04-30,Quarta-feira,233988.94
2025-05-01,2025-05-01,Quinta-feira,92494.9
2025-05-02,2025-05-02,Sexta-feira,39031.97
2025-05-03,2025-05-03,Sábado,5553.3
2025-05-04,2025-05-04,Domingo,142667.13
2025-05-05,2025-05-05,Segunda-feira,107330.01
2025-05-06,2025-05-06,Terça-feira,182162.7
2025-05-07,2025-05-07,Quarta-feira,27470.409999999996
2025-05-08,2025-05-08,Quinta-feira,219011.28
2025-05-09,2025-05-09,Sexta-feira,207845.09
2025-05-10,2025-05-10,Sábado,110359.45
2025-05-11,2025-05-11,Domingo,222444.39
2025-05-12,2025-05-12,Segunda-feira,152105.65
2025-05-13,2025-05-13,Terça-feira,133809.39
2025-05-14,2025-05-14,Quarta-feira,83154.52
2025-05-15,2025-05-15,Quinta-feira,93922.61
2025-05-16,2025-05-16,Sexta-feira,95730.78
2025-05-17,2025-05-17,Sábado,226191.39
2025-05-18,2025-05-18,Domingo,87889.51999999999
2025-05-19,2025-05-19,Segunda-feira,155832.68
2025-05-20,2025-05-20,Terça-feira,141268.22
2025-05-21,2025-05-21,Quarta-feira,131690.55
2025-05-22,2025-05-22,Quinta-feira,147453.0
2025-05-23,2025-05-23,Sexta-feira,406612.88
2025-05-24,2025-05-24,Sábado,48444.36
2025-05-25,2025-05-25,Domingo,113234.74
2025-05-26,2025-05-26,Segunda-feira,0.0
2025-05-27,2025-05-27,Terça-feira,112417.26
2025-05-28,2025-05-28,Quarta-feira,226941.3
2025-05-29,2025-05-29,Quinta-feira,256594.44
2025-05-30,2025-05-30,Sexta-feira,118450.16
2025-05-31,2025-05-31,Sábado,196284.09999999998
2025-06-01,2025-06-01,Domingo,60703.66
2025-06-02,2025-06-02,Segunda-feira,187323.7
2025-06-03,2025-06-03,Terça-feira,85657.48000000001
2025-06-04,2025-06-04,Quarta-feira,137340.05000000002
2025-06-05,2025-06-05,Quinta-feira,23340.829999999998
2025-06-06,2025-06-06,Sexta-feira,157582.22
2025-06-07,2025-06-07,Sábado,138722.59
2025-06-08,2025-06-08,Domingo,105047.76000000001
2025-06-09,2025-06-09,Segunda-feira,35475.64
2025-06-10,2025-06-10,Terça-feira,215759.42
2025-06-11,2025-06-11,Quarta-feira,17866.61
2025-06-12,2025-06-12,Quinta-feira,46456.17999999999
2025-06-13,2025-06-13,Sexta-feira,118651.01999999999
2025-06-14,2025-06-14,Sábado,153850.29
2025-06-15,2025-06-15,Domingo,83978.82
2025-06-16,2025-06-16,Segunda-feira,35620.68
2025-06-17,2025-06-17,Terça-feira,31704.84
2025-06-18,2025-06-18,Quarta-feira,197310.24
2025-06-19,2025-06-19,Quinta-feira,49289.5
2025-06-20,2025-06-20,Sexta-feira,197544.44
2025-06-21,2025-06-21,Sábado,138357.39
2025-06-22,2025-06-22,Domingo,50279.8
2025-06-23,2025-06-23,Segunda-feira,139183.64
2025-06-24,2025-06-24,Terça-feira,162028.12
2025-06-25,2025-06-25,Quarta-feira,89099.93
2025-06-26,2025-06-26,Quinta-feira,133462.31
2025-06-27,2025-06-27,Sexta-feira,169661.35
2025-06-28,2025-06-28,Sábado,43485.08
2025-06-29,2025-06-29,Domingo,53668.07000000001
2025-06-30,2025-06-30,Segunda-feira,129764.26
2025-07-01,2025-07-01,Terça-feira,91854.48000000001
2025-07-02,2025-07-02,Quarta-feira,66592.82
2025-07-03,2025-07-03,Quinta-feira,55409.840000000004
2025-07-04,2025-07-04,Sexta-feira,101702.88
2025-07-05,2025-07-05,Sábado,130281.72
2025-07-06,2025-07-06,Domingo,90436.86
2025-07-07,2025-07-07,Segunda-feira,72922.26
2025-07-08,2025-07-08,Terça-feira,127172.78
2025-07-09,2025-07-09,Quarta-feira,79731.87
2025-07-10,2025-07-10,Quinta-feira,56523.6
2025-07-11,2025-07-11,Sexta-feira,109106.62
2025-07-12,2025-07-12,Sábado,131645.1
2025-07-13,2025-07-13,Domingo,93922.64
2025-07-14,2025-07-14,Segunda-feira,32675.25
2025-07-15,2025-07-15,Terça-feira,96267.73
2025-07-16,2025-07-16,Quarta-feira,24632.75
2025-07-17,2025-07-17,Quinta-feira,72289.04
2025-07-18,2025-07-18,Sexta-feira,99434.3
2025-07-19,2025-07-19,Sábado,88147.23
2025-07-20,2025-07-20,Domingo,46746.1
2025-07-21,2025-07-21,Segunda-feira,57295.05
2025-07-22,2025-07-22,Terça-feira,183726.11
2025-07-23,2025-07-23,Quarta-feira,86946.86
2025-07-24,2025-07-24,Quinta-feira,207036.62
2025-07-25,2025-07-25,Sexta-feira,34210.19
2025-07-26,2025-07-26,Sábado,66994.79000000001
2025-07-27,2025-07-27,Domingo,6449.85
2025-07-28,2025-07-28,Segunda-feira,22423.23
2025-07-29,2025-07-29,Terça-feira,196999.58
2025-07-30,2025-07-30,Quarta-feira,332595.28
2025-07-31,2025-07-31,Quinta-feira,136624.11
2025-08-01,2025-08-01,Sexta-feira,202010.62
2025-08-02,2025-08-02,Sábado,120562.36
2025-08-03,2025-08-03,Domingo,143455.62
2025-08-04,2025-08-04,Segunda-feira,81431.86
2025-08-05,2025-08-05,Terça-feira,15928.259999999998
2025-08-06,2025-08-06,Quarta-feira,163746.39
2025-08-07,2025-08-07,Quinta-feira,2282.68
2025-08-08,2025-08-08,Sexta-feira,104474.54000000001
2025-08-09,2025-08-09,Sábado,93752.47
2025-08-10,2025-08-10,Domingo,113975.16
2025-08-11,2025-08-11,Segunda-feira,75675.14
2025-08-12,2025-08-12,Terça-feira,242661.88999999998
2025-08-13,2025-08-13,Quarta-feira,247715.43
2025-08-14,2025-08-14,Quinta-feira,152067.7
2025-08-15,2025-08-15,Sexta-feira,68864.53
2025-08-16,2025-08-16,Sábado,12760.96
2025-08-17,2025-08-17,Domingo,86575.1
2025-08-18,2025-08-18,Segunda-feira,65630.47
2025-08-19,2025-08-19,Terça-feira,78327.87
2025-08-20,2025-08-20,Quarta-feira,152249.58000000002
2025-08-21,2025-08-21,Quinta-feira,157004.31
2025-08-22,2025-08-22,Sexta-feira,45158.56
2025-08-23,2025-08-23,Sábado,70779.6
2025-08-24,2025-08-24,Domingo,5671.08
2025-08-25,2025-08-25,Segunda-feira,128844.72
2025-08-26,2025-08-26,Terça-feira,48068.64
2025-08-27,2025-08-27,Quarta-feira,158722.85
2025-08-28,2025-08-28,Quinta-feira,50571.73
2025-08-29,2025-08-29,Sexta-feira,28001.77
2025-08-30,2025-08-30,Sábado,57332.729999999996
2025-08-31,2025-08-31,Domingo,71362.28
2025-09-01,2025-09-01,Segunda-feira,74069.31
2025-09-02,2025-09-02,Terça-feira,143325.24
2025-09-03,2025-09-03,Quarta-feira,241986.99
2025-09-04,2025-09-04,Quinta-feira,168307.24
2025-09-05,2025-09-05,Sexta-feira,156623.86000000002
2025-09-06,2025-09-06,Sábado,68599.95999999999
2025-09-07,2025-09-07,Domingo,139710.84000000003
2025-09-08,2025-09-08,Segunda-feira,213178.11000000002
2025-09-09,2025-09-09,Terça-feira,24801.06
2025-09-10,2025-09-10,Quarta-feira,130230.19
2025-09-11,2025-09-11,Quinta-feira,126693.70999999999
2025-09-12,2025-09-12,Sexta-feira,80729.05
2025-09-13,2025-09-13,Sábado,95108.23
2025-09-14,2025-09-14,Domingo,125509.45
2025-09-15,2025-09-15,Segunda-feira,278513.33999999997
2025-09-16,2025-09-16,Terça-feira,175370.31
2025-09-17,2025-09-17,Quarta-feira,68704.3
2025-09-18,2025-09-18,Quinta-feira,174733.66
2025-09-19,2025-09-19,Sexta-feira,108323.85
2025-09-20,2025-09-20,Sábado,40090.81
2025-09-21,2025-09-21,Domingo,59033.119999999995
2025-09-22,2025-09-22,Segunda-feira,174761.52
2025-09-23,2025-09-23,Terça-feira,21232.87
2025-09-24,2025-09-24,Quarta-feira,190581.67
2025-09-25,2025-09-25,Quinta-feira,130556.81
2025-09-26,2025-09-26,Sexta-feira,83733.18
2025-09-27,2025-09-27,Sábado,75172.66
2025-09-28,2025-09-28,Domingo,126349.65000000001
2025-09-29,2025-09-29,Segunda-feira,73764.69
2025-09-30,2025-09-30,Terça-feira,195201.71
2025-10-01,2025-10-01,Quarta-feira,225376.97999999998
2025-10-02,2025-10-02,Quinta-feira,216850.38999999998
2025-10-03,2025-10-03,Sexta-feira,194627.31
2025-10-04,2025-10-04,Sábado,208780.82
2025-10-05,2025-10-05,Domingo,573175.26
2025-10-06,2025-10-06,Segunda-feira,133335.93
2025-10-07,2025-10-07,Terça-feira,283381.94
2025-10-08,2025-10-08,Quarta-feira,227585.95
2025-10-09,2025-10-09,Quinta-feira,208830.13
2025-10-10,2025-10-10,Sexta-feira,271182.16
2025-10-11,2025-10-11,Sábado,159130.4
2025-10-12,2025-10-12,Domingo,337806.86
2025-10-13,2025-10-13,Segunda-feira,268939.74
2025-10-14,2025-10-14,Terça-feira,183482.27
2025-10-15,2025-10-15,Quarta-feira,140936.55
2025-10-16,2025-10-16,Quinta-feira,121128.81
2025-10-17,2025-10-17,Sexta-feira,286704.85
2025-10-18,2025-10-18,Sábado,428205.55
2025-10-19,2025-10-19,Domingo,399395.61
2025-10-20,2025-10-20,Segunda-feira,135897.05000000002
2025-10-21,2025-10-21,Terça-feira,266542.65
2025-10-22,2025-10-22,Quarta-feira,112667.01000000001
2025-10-23,2025-10-23,Quinta-feira,314870.01
2025-10-24,2025-10-24,Sexta-feira,181085.69
2025-10-25,2025-10-25,Sábado,291791.39
2025-10-26,2025-10-26,Domingo,333131.29000000004
2025-10-27,2025-10-27,Segunda-feira,127855.12
2025-10-28,2025-10-28,Terça-feira,159448.37
2025-10-29,2025-10-29,Quarta-feira,143223.89
2025-10-30,2025-10-30,Quinta-feira,217656.47999999998
2025-10-31,2025-10-31,Sexta-feira,177844.7
2025-11-01,2025-11-01,Sábado,250346.33000000002
2025-11-02,2025-11-02,Domingo,292611.27
2025-11-03,2025-11-03,Segunda-feira,323096.16000000003
2025-11-04,2025-11-04,Terça-feira,520209.78
2025-11-05,2025-11-05,Quarta-feira,422382.52999999997
2025-11-06,2025-11-06,Quinta-feira,237587.16999999998
2025-11-07,2025-11-07,Sexta-feira,449328.54
2025-11-08,2025-11-08,Sábado,165573.65
2025-11-09,2025-11-09,Domingo,296770.96
2025-11-10,2025-11-10,Segunda-feira,217695.58000000002
2025-11-11,2025-11-11,Terça-feira,245975.8
2025-11-12,2025-11-12,Quarta-feira,370784.33999999997
2025-11-13,2025-11-13,Quinta-feira,247069.47999999998
2025-11-14,2025-11-14,Sexta-feira,243243.21000000002
2025-11-15,2025-11-15,Sábado,265417.43
2025-11-16,2025-11-16,Domingo,378159.53
2025-11-17,2025-11-17,Segunda-feira,470937.56
2025-11-18,2025-11-18,Terça-feira,597037.12
2025-11-19,2025-11-19,Quarta-feira,313021.85
2025-11-20,2025-11-20,Quinta-feira,112712.65
2025-11-21,2025-11-21,Sexta-feira,252064.97
2025-11-22,2025-11-22,Sábado,179123.54
2025-11-23,2025-11-23,Domingo,162958.21
2025-11-24,2025-11-24,Segunda-feira,437161.84
2025-11-25,2025-11-25,Terça-feira,282461.08
2025-11-26,2025-11-26,Quarta-feira,229405.71
2025-11-27,2025-11-27,Quinta-feira,230660.46
2025-11-28,2025-11-28,Sexta-feira,308135.76
2025-11-29,2025-11-29,Sábado,133272.0
2025-11-30,2025-11-30,Domingo,211771.91999999998
2025-12-01,2025-12-01,Segunda-feira,220401.16
2025-12-02,2025-12-02,Terça-feira,267719.72
2025-12-03,2025-12-03,Quarta-feira,290735.07
2025-12-04,2025-12-04,Quinta-feira,219043.2
2025-12-05,2025-12-05,Sexta-feira,436346.86
2025-12-06,2025-12-06,Sábado,187820.19999999998
2025-12-07,2025-12-07,Domingo,382080.77999999997
2025-12-08,2025-12-08,Segunda-feira,539670.59
2025-12-09,2025-12-09,Terça-feira,471191.89
2025-12-10,2025-12-10,Quarta-feira,140137.08000000002
2025-12-11,2025-12-11,Quinta-feira,324847.91000000003
2025-12-12,2025-12-12,Sexta-feira,381230.58
2025-12-13,2025-12-13,Sábado,153497.85
2025-12-14,2025-12-14,Domingo,295222.42
2025-12-15,2025-12-15,Segunda-feira,305512.67
2025-12-16,2025-12-16,Terça-feira,238326.62
2025-12-17,2025-12-17,Quarta-feira,306276.36
2025-12-18,2025-12-18,Quinta-feira,256277.22
2025-12-19,2025-12-19,Sexta-feira,526277.46
2025-12-20,2025-12-20,Sábado,218826.26
2025-12-21,2025-12-21,Domingo,443468.32999999996
2025-12-22,2025-12-22,Segunda-feira,321178.43
2025-12-23,2025-12-23,Terça-feira,377378.28
2025-12-24,2025-12-24,Quarta-feira,179088.47
2025-12-25,2025-12-25,Quinta-feira,151197.58
2025-12-26,2025-12-26,Sexta-feira,58538.09
2025-12-27,2025-12-27,Sábado,357353.76
2025-12-28,2025-12-28,Domingo,283598.22
2025-12-29,2025-12-29,Segunda-feira,318806.41
2025-12-30,2025-12-30,Terça-feira,244030.51
2025-12-31,2025-12-31,Quarta-feira,283102.27
2026-01-01,2026-01-01,Quinta-feira,269777.07
2026-01-02,2026-01-02,Sexta-feira,402021.58
2026-01-03,2026-01-03,Sábado,431603.77
2026-01-04,2026-01-04,Domingo,189440.65
2026-01-05,2026-01-05,Segunda-feira,477341.95
2026-01-06,2026-01-06,Terça-feira,315258.01
2026-01-07,2026-01-07,Quarta-feira,456741.12
2026-01-08,2026-01-08,Quinta-feira,337779.33
2026-01-09,2026-01-09,Sexta-feira,194824.54
2026-01-10,2026-01-10,Sábado,432481.44
2026-01-11,2026-01-11,Domingo,260236.11000000002
2026-01-12,2026-01-12,Segunda-feira,316223.54000000004
2026-01-13,2026-01-13,Terça-feira,332690.25
2026-01-14,2026-01-14,Quarta-feira,263413.72000000003
2026-01-15,2026-01-15,Quinta-feira,306071.84
2026-01-16,2026-01-16,Sexta-feira,519048.49
2026-01-17,2026-01-17,Sábado,500611.1
2026-01-18,2026-01-18,Domingo,173293.73
2026-01-19,2026-01-19,Segunda-feira,385192.8
2026-01-20,2026-01-20,Terça-feira,490048.42
2026-01-21,2026-01-21,Quarta-feira,458249.9
2026-01-22,2026-01-22,Quinta-feira,512984.87
2026-01-23,2026-01-23,Sexta-feira,244115.67
2026-01-24,2026-01-24,Sábado,187725.49
2026-01-25,2026-01-25,Domingo,86716.07
2026-01-26,2026-01-26,Segunda-feira,299609.77
2026-01-27,2026-01-27,Terça-feira,481484.71
2026-01-28,2026-01-28,Quarta-feira,268104.45
2026-01-29,2026-01-29,Quinta-feira,578092.47
2026-01-30,2026-01-30,Sexta-feira,126238.69
2026-01-31,2026-01-31,Sábado,469994.91000000003
2026-02-01,2026-02-01,Domingo,261452.28
2026-02-02,2026-02-02,Segunda-feira,398481.1
2026-02-03,2026-02-03,Terça-feira,408622.28
2026-02-04,2026-02-04,Quarta-feira,607717.19
2026-02-05,2026-02-05,Quinta-feira,252680.91999999998
2026-02-06,2026-02-06,Sexta-feira,292693.14
2026-02-07,2026-02-07,Sábado,350206.14
2026-02-08,2026-02-08,Domingo,416876.69
2026-02-09,2026-02-09,Segunda-feira,172290.49
2026-02-10,2026-02-10,Terça-feira,210514.78
2026-02-11,2026-02-11,Quarta-feira,213039.04
2026-02-12,2026-02-12,Quinta-feira,344547.76
2026-02-13,2026-02-13,Sexta-feira,370437.45
2026-02-14,2026-02-14,Sábado,235446.0
2026-02-15,2026-02-15,Domingo,340694.26
2026-02-16,2026-02-16,Segunda-feira,243032.90000000002
2026-02-17,2026-02-17,Terça-feira,194450.38999999998
2026-02-18,2026-02-18,Quarta-feira,323683.46
2026-02-19,2026-02-19,Quinta-feira,222019.61000000002
2026-02-20,2026-02-20,Sexta-feira,348117.17
2026-02-21,2026-02-21,Sábado,347862.94
2026-02-22,2026-02-22,Domingo,339324.11
2026-02-23,2026-02-23,Segunda-feira,335606.28
2026-02-24,2026-02-24,Terça-feira,312542.31
2026-02-25,2026-02-25,Quarta-feira,499215.66000000003
2026-02-26,2026-02-26,Quinta-feira,274355.97
2026-02-27,2026-02-27,Sexta-feira,565539.6900000001
2026-02-28,2026-02-28,Sábado,378663.08999999997
2026-03-01,2026-03-01,Domingo,342077.93
2026-03-02,2026-03-02,Segunda-feira,403441.9
2026-03-03,2026-03-03,Terça-feira,17984.94
2026-03-04,2026-03-04,Quarta-feira,116784.45999999999
2026-03-05,2026-03-05,Quinta-feira,299297.52
2026-03-06,2026-03-06,Sexta-feira,251178.68
2026-03-07,2026-03-07,Sábado,332664.93
2026-03-08,2026-03-08,Domingo,373946.7
2026-03-09,2026-03-09,Segunda-feira,172867.27000000002
2026-03-10,2026-03-10,Terça-feira,342428.58999999997
2026-03-11,2026-03-11,Quarta-feira,166405.83
2026-03-12,2026-03-12,Quinta-feira,292921.83
2026-03-13,2026-03-13,Sexta-feira,252601.33000000002
2026-03-14,2026-03-14,Sábado,178533.66999999998
2026-03-15,2026-03-15,Domingo,450948.05000000005
2026-03-16,2026-03-16,Segunda-feira,375575.13
2026-03-17,2026-03-17,Terça-feira,465471.42
2026-03-18,2026-03-18,Quarta-feira,193747.27000000002
2026-03-19,2026-03-19,Quinta-feira,295179.77
2026-03-20,2026-03-20,Sexta-feira,540745.34
2026-03-21,2026-03-21,Sábado,561387.98
2026-03-22,2026-03-22,Domingo,419679.76
2026-03-23,2026-03-23,Segunda-feira,300539.38
2026-03-24,2026-03-24,Terça-feira,498633.29000000004
2026-03-25,2026-03-25,Quarta-feira,352587.69
2026-03-26,2026-03-26,Quinta-feira,407324.07
2026-03-27,2026-03-27,Sexta-feira,266406.24
2026-03-28,2026-03-28,Sábado,269624.13
2026-03-29,2026-03-29,Domingo,150108.91
2026-03-30,2026-03-30,Segunda-feira,545095.31
2026-03-31,2026-03-31,Terça-feira,348213.24
2026-04-01,2026-04-01,Quarta-feira,360618.43
2026-04-02,2026-04-02,Quinta-feira,136701.1
2026-04-03,2026-04-03,Sexta-feira,284707.21
2026-04-04,2026-04-04,Sábado,288329.51
2026-04-05,2026-04-05,Domingo,262372.72
2026-04-06,2026-04-06,Segunda-feira,169781.21
2026-04-07,2026-04-07,Terça-feira,290231.67
2026-04-08,2026-04-08,Quarta-feira,269935.47
2026-04-09,2026-04-09,Quinta-feira,141348.54
2026-04-10,2026-04-10,Sexta-feira,179523.13
2026-04-11,2026-04-11,Sábado,349905.12
2026-04-12,2026-04-12,Domingo,359064.73
2026-04-13,2026-04-13,Segunda-feira,305909.61
2026-04-14,2026-04-14,Terça-feira,218925.13
2026-04-15,2026-04-15,Quarta-feira,270715.35
2026-04-16,2026-04-16,Quinta-feira,180336.52000000002
2026-04-17,2026-04-17,Sexta-feira,177473.36000000002
2026-04-18,2026-04-18,Sábado,172239.97999999998
2026-04-19,2026-04-19,Domingo,203166.38999999998
2026-04-20,2026-04-20,Segunda-feira,209612.94
2026-04-21,2026-04-21,Terça-feira,234348.91
2026-04-22,2026-04-22,Quarta-feira,275752.91
2026-04-23,2026-04-23,Quinta-feira,285241.19
2026-04-24,2026-04-24,Sexta-feira,254631.23
2026-04-25,2026-04-25,Sábado,285819.22
2026-04-26,2026-04-26,Domingo,243178.99
2026-04-27,2026-04-27,Segunda-feira,249458.81
2026-04-28,2026-04-28,Terça-feira,231790.07
2026-04-29,2026-04-29,Quarta-feira,322349.33
2026-04-30,2026-04-30,Quinta-feira,151312.38
2026-05-01,2026-05-01,Sexta-feira,344442.29
2026-05-02,2026-05-02,Sábado,306595.93
2026-05-03,2026-05-03,Domingo,243939.22999999998
2026-05-04,2026-05-04,Segunda-feira,87976.66
2026-05-05,2026-05-05,Terça-feira,39571.17
2026-05-06,2026-05-06,Quarta-feira,97274.27
2026-05-07,2026-05-07,Quinta-feira,290676.97000000003
2026-05-08,2026-05-08,Sexta-feira,250968.56
2026-05-09,2026-05-09,Sábado,38745.32
2026-05-10,2026-05-10,Domingo,100941.06
2026-05-11,2026-05-11,Segunda-feira,177223.92
2026-05-12,2026-05-12,Terça-feira,237620.85
2026-05-13,2026-05-13,Quarta-feira,167118.37
2026-05-14,2026-05-14,Quinta-feira,146908.82
2026-05-15,2026-05-15,Sexta-feira,57991.53
2026-05-16,2026-05-16,Sábado,109031.81999999999
2026-05-17,2026-05-17,Domingo,210445.88
2026-05-18,2026-05-18,Segunda-feira,183117.38
2026-05-19,2026-05-19,Terça-feira,259254.21
2026-05-20,2026-05-20,Quarta-feira,261758.5
2026-05-21,2026-05-21,Quinta-feira,55514.32
2026-05-22,2026-05-22,Sexta-feira,88014.97
2026-05-23,2026-05-23,Sábado,145326.33000000002
2026-05-24,2026-05-24,Domingo,163817.82
2026-05-25,2026-05-25,Segunda-feira,293119.18
2026-05-26,2026-05-26,Terça-feira,208481.51
2026-05-27,2026-05-27,Quarta-feira,112889.66
2026-05-28,2026-05-28,Quinta-feira,97129.76000000001
2026-05-29,2026-05-29,Sexta-feira,56714.97
2026-05-30,2026-05-30,Sábado,161744.14
2026-05-31,2026-05-31,Domingo,230760.9
2026-06-01,2026-06-01,Segunda-feira,79780.45999999999
2026-06-02,2026-06-02,Terça-feira,84475.62
2026-06-03,2026-06-03,Quarta-feira,123964.19
2026-06-04,2026-06-04,Quinta-feira,67387.12
2026-06-05,2026-06-05,Sexta-feira,70542.23
2026-06-06,2026-06-06,Sábado,196875.02
2026-06-07,2026-06-07,Domingo,61571.0
2026-06-08,2026-06-08,Segunda-feira,78568.25
2026-06-09,2026-06-09,Terça-feira,206245.97
2026-06-10,2026-06-10,Quarta-feira,111757.81999999999
2026-06-11,2026-06-11,Quinta-feira,261274.03
2026-06-12,2026-06-12,Sexta-feira,199185.45
2026-06-13,2026-06-13,Sábado,121192.3
2026-06-14,2026-06-14,Domingo,209315.54
2026-06-15,2026-06-15,Segunda-feira,41300.83
2026-06-16,2026-06-16,Terça-feira,212788.95
2026-06-17,2026-06-17,Quarta-feira,98139.01000000001
2026-06-18,2026-06-18,Quinta-feira,79832.06
2026-06-19,2026-06-19,Sexta-feira,129122.79000000001
2026-06-20,2026-06-20,Sábado,192183.44
2026-06-21,2026-06-21,Domingo,91892.75
2026-06-22,2026-06-22,Segunda-feira,172229.98
2026-06-23,2026-06-23,Terça-feira,136805.31
2026-06-24,2026-06-24,Quarta-feira,80860.69
2026-06-25,2026-06-25,Quinta-feira,3594.2
2026-06-26,2026-06-26,Sexta-feira,123486.13
2026-06-27,2026-06-27,Sábado,70163.23000000001
2026-06-28,2026-06-28,Domingo,66245.11
2026-06-29,2026-06-29,Segunda-feira,70880.72
2026-06-30,2026-06-30,Terça-feira,163240.22
2026-07-01,2026-07-01,Quarta-feira,88630.45
2026-07-02,2026-07-02,Quinta-feira,173208.83
2026-07-03,2026-07-03,Sexta-feira,200816.4
2026-07-04,2026-07-04,Sábado,231872.89999999997
2026-07-05,2026-07-05,Domingo,119859.46999999999
2026-07-06,2026-07-06,Segunda-feira,42476.149999999994
2026-07-07,2026-07-07,Terça-feira,40334.020000000004
2026-07-08,2026-07-08,Quarta-feira,134545.61
2026-07-09,2026-07-09,Quinta-feira,17565.65
2026-07-10,2026-07-10,Sexta-feira,91738.36
2026-07-11,2026-07-11,Sábado,212203.08
2026-07-12,2026-07-12,Domingo,133210.22
2026-07-13,2026-07-13,Segunda-feira,49026.549999999996
2026-07-14,2026-07-14,Terça-feira,187403.54
2026-07-15,2026-07-15,Quarta-feira,160180.83000000002
2026-07-16,2026-07-16,Quinta-feira,95792.03
2026-07-17,2026-07-17,Sexta-feira,61616.62
2026-07-18,2026-07-18,Sábado,50243.92
2026-07-19,2026-07-19,Domingo,30581.93
2026-07-20,2026-07-20,Segunda-feira,100862.35
2026-07-21,2026-07-21,Terça-feira,77049.61
2026-07-22,2026-07-22,Quarta-feira,116874.51
2026-07-23,2026-07-23,Quinta-feira,71775.0
2026-07-24,2026-07-24,Sexta-feira,156080.95
2026-07-25,2026-07-25,Sábado,53039.11
2026-07-26,2026-07-26,Domingo,171800.08000000002
2026-07-27,2026-07-27,Segunda-feira,73784.35
2026-07-28,2026-07-28,Terça-feira,154455.46000000002
2026-07-29,2026-07-29,Quarta-feira,65546.54000000001
2026-07-30,2026-07-30,Quinta-feira,96687.51000000001
2026-07-31,2026-07-31,Sexta-feira,83544.74
2026-08-01,2026-08-01,Sábado,76114.8
2026-08-02,2026-08-02,Domingo,79136.7
2026-08-03,2026-08-03,Segunda-feira,49228.07
2026-08-04,2026-08-04,Terça-feira,81275.11
2026-08-05,2026-08-05,Quarta-feira,238546.26
2026-08-06,2026-08-06,Quinta-feira,182617.37
2026-08-07,2026-08-07,Sexta-feira,33486.75
2026-08-08,2026-08-08,Sábado,109625.62
2026-08-09,2026-08-09,Domingo,49047.39
2026-08-10,2026-08-10,Segunda-feira,78249.17
2026-08-11,2026-08-11,Terça-feira,1557.67
2026-08-12,2026-08-12,Quarta-feira,148361.9
2026-08-13,2026-08-13,Quinta-feira,53959.93
2026-08-14,2026-08-14,Sexta-feira,96630.45999999999
2026-08-15,2026-08-15,Sábado,101835.28
2026-08-16,2026-08-16,Domingo,125165.59
2026-08-17,2026-08-17,Segunda-feira,71780.51
2026-08-18,2026-08-18,Terça-feira,175475.39
2026-08-19,2026-08-19,Quarta-feira,49850.25
2026-08-20,2026-08-20,Quinta-feira,69770.44
2026-08-21,2026-08-21,Sexta-feira,176900.86000000002
2026-08-22,2026-08-22,Sábado,235031.09
2026-08-23,2026-08-23,Domingo,30681.98
2026-08-24,2026-08-24,Segunda-feira,172810.81
2026-08-25,2026-08-25,Terça-feira,95481.8
2026-08-26,2026-08-26,Quarta-feira,0.0
2026-08-27,2026-08-27,Quinta-feira,32501.39
2026-08-28,2026-08-28,Sexta-feira,219876.84999999998
2026-08-29,2026-08-29,Sábado,0.0
2026-08-30,2026-08-30,Domingo,197358.98
2026-08-31,2026-08-31,Segunda-feira,78379.18
2026-09-01,2026-09-01,Terça-feira,188298.17
2026-09-02,2026-09-02,Quarta-feira,82664.81
2026-09-03,2026-09-03,Quinta-feira,287782.61
2026-09-04,2026-09-04,Sexta-feira,163044.39
2026-09-05,2026-09-05,Sábado,94089.27
2026-09-06,2026-09-06,Domingo,228325.44
2026-09-07,2026-09-07,Segunda-feira,269900.83999999997
2026-09-08,2026-09-08,Terça-feira,186133.86
2026-09-09,2026-09-09,Quarta-feira,90360.09
2026-09-10,2026-09-10,Quinta-feira,181011.68
2026-09-11,2026-09-11,Sexta-feira,141000.49000000002
2026-09-12,2026-09-12,Sábado,193555.55
2026-09-13,2026-09-13,Domingo,280254.54000000004
2026-09-14,2026-09-14,Segunda-feira,192253.66999999998
2026-09-15,2026-09-15,Terça-feira,92849.05
2026-09-16,2026-09-16,Quarta-feira,311815.0
2026-09-17,2026-09-17,Quinta-feira,293327.43
2026-09-18,2026-09-18,Sexta-feira,272285.16000000003
2026-09-19,2026-09-19,Sábado,192429.16
2026-09-20,2026-09-20,Domingo,110709.11
2026-09-21,2026-09-21,Segunda-feira,299897.67
2026-09-22,2026-09-22,Terça-feira,187396.37
2026-09-23,2026-09-23,Quarta-feira,60590.81999999999
2026-09-24,2026-09-24,Quinta-feira,100983.0
2026-09-25,2026-09-25,Sexta-feira,228715.84
2026-09-26,2026-09-26,Sábado,216458.42
2026-09-27,2026-09-27,Domingo,162100.43
2026-09-28,2026-09-28,Segunda-feira,152137.95
2026-09-29,2026-09-29,Terça-feira,201170.28
2026-09-30,2026-09-30,Quarta-feira,41915.42
2026-10-01,2026-10-01,Quinta-feira,198769.66
2026-10-02,2026-10-02,Sexta-feira,302669.91
2026-10-03,2026-10-03,Sábado,352879.61
2026-10-04,2026-10-04,Domingo,105930.25
2026-10-05,2026-10-05,Segunda-feira,213726.3
2026-10-06,2026-10-06,Terça-feira,61504.659999999996
2026-10-07,2026-10-07,Quarta-feira,299583.22
2026-10-08,2026-10-08,Quinta-feira,232443.53000000003
2026-10-09,2026-10-09,Sexta-feira,381874.89
2026-10-10,2026-10-10,Sábado,303828.81
2026-10-11,2026-10-11,Domingo,382878.17
2026-10-12,2026-10-12,Segunda-feira,141216.51
2026-10-13,2026-10-13,Terça-feira,387651.11
2026-10-14,2026-10-14,Quarta-feira,225679.47999999998
2026-10-15,2026-10-15,Quinta-feira,203567.56
2026-10-16,2026-10-16,Sexta-feira,265850.14
2026-10-17,2026-10-17,Sábado,142092.86
2026-10-18,2026-10-18,Domingo,147066.38
2026-10-19,2026-10-19,Segunda-feira,202031.19
2026-10-20,2026-10-20,Terça-feira,488970.89
2026-10-21,2026-10-21,Quarta-feira,172868.54
2026-10-22,2026-10-22,Quinta-feira,225445.79
2026-10-23,2026-10-23,Sexta-feira,217654.81
2026-10-24,2026-10-24,Sábado,424609.39
2026-10-25,2026-10-25,Domingo,268160.02
2026-10-26,2026-10-26,Segunda-feira,310910.94
2026-10-27,2026-10-27,Terça-feira,212337.75
2026-10-28,2026-10-28,Quarta-feira,292288.91
2026-10-29,2026-10-29,Quinta-feira,323136.93
2026-10-30,2026-10-30,Sexta-feira,324727.01
2026-10-31,2026-10-31,Sábado,147588.61
2026-11-01,2026-11-01,Domingo,337716.81
2026-11-02,2026-11-02,Segunda-feira,416062.99
2026-11-03,2026-11-03,Terça-feira,335606.24
2026-11-04,2026-11-04,Quarta-feira,253179.21
2026-11-05,2026-11-05,Quinta-feira,343894.51
2026-11-06,2026-11-06,Sexta-feira,326917.64
2026-11-07,2026-11-07,Sábado,338510.55
2026-11-08,2026-11-08,Domingo,114936.45
2026-11-09,2026-11-09,Segunda-feira,267542.81
2026-11-10,2026-11-10,Terça-feira,363027.6
2026-11-11,2026-11-11,Quarta-feira,375782.27
2026-11-12,2026-11-12,Quinta-feira,344358.86
2026-11-13,2026-11-13,Sexta-feira,416837.48
2026-11-14,2026-11-14,Sábado,90975.86
2026-11-15,2026-11-15,Domingo,474730.0
2026-11-16,2026-11-16,Segunda-feira,265295.93
2026-11-17,2026-11-17,Terça-feira,257602.76
2026-11-18,2026-11-18,Quarta-feira,336536.05
2026-11-19,2026-11-19,Quinta-feira,235318.85
2026-11-20,2026-11-20,Sexta-feira,466486.48
2026-11-21,2026-11-21,Sábado,291092.31
2026-11-22,2026-11-22,Domingo,227640.74
2026-11-23,2026-11-23,Segunda-feira,481114.52999999997
2026-11-24,2026-11-24,Terça-feira,551549.27
2026-11-25,2026-11-25,Quarta-feira,255916.47999999998
2026-11-26,2026-11-26,Quinta-feira,105545.82
2026-11-27,2026-11-27,Sexta-feira,309813.36
2026-11-28,2026-11-28,Sábado,250705.1
2026-11-29,2026-11-29,Domingo,209381.27
2026-11-30,2026-11-30,Segunda-feira,410797.64
2026-12-01,2026-12-01,Terça-feira,340761.32
2026-12-02,2026-12-02,Quarta-feira,432071.32
2026-12-03,2026-12-03,Quinta-feira,435455.64
2026-12-04,2026-12-04,Sexta-feira,359493.78
2026-12-05,2026-12-05,Sábado,377323.93
2026-12-06,2026-12-06,Domingo,110247.78
2026-12-07,2026-12-07,Segunda-feira,367977.19
2026-12-08,2026-12-08,Terça-feira,364042.57
2026-12-09,2026-12-09,Quarta-feira,627632.93
2026-12-10,2026-12-10,Quinta-feira,294174.89
2026-12-11,2026-12-11,Sexta-feira,372541.15
2026-12-12,2026-12-12,Sábado,459829.83
2026-12-13,2026-12-13,Domingo,332128.37
2026-12-14,2026-12-14,Segunda-feira,568164.71
2026-12-15,2026-12-15,Terça-feira,229793.26
2026-12-16,2026-12-16,Quarta-feira,221910.83
2026-12-17,2026-12-17,Quinta-feira,413066.39
2026-12-18,2026-12-18,Sexta-feira,272810.73
2026-12-19,2026-12-19,Sábado,392261.5
2026-12-20,2026-12-20,Domingo,221553.78
2026-12-21,2026-12-21,Segunda-feira,198927.17
2026-12-22,2026-12-22,Terça-feira,491434.49
2026-12-23,2026-12-23,Quarta-feira,479061.22
2026-12-24,2026-12-24,Quinta-feira,639513.82
2026-12-25,2026-12-25,Sexta-feira,353737.21
2026-12-26,2026-12-26,Sábado,613668.28
2026-12-27,2026-12-27,Domingo,191982.94
2026-12-28,2026-12-28,Segunda-feira,285862.18
2026-12-29,2026-12-29,Terça-feira,222296.97
2026-12-30,2026-12-30,Quarta-feira,437034.87
2026-12-31,2026-12-31,Quinta-feira,302820.52999999997
